Timestamp,id,100,102,101,12,14,7,20,3,11,2,31,19,15,32,21,17,6,23,13,27,24,18,64,22,9,8,81,4,29,16,1,5,28,26,30,10,25,62,63
08/06/2014 8:00,164276560,64,32,68,0,0,0,0,0,0,0,0,0,0,0,0,0,0,0,0,0,0,0,0,0,0,0,0,0,0,0,0,0,0,0,0,0,0,0,0
08/06/2014 8:01,139934420,23,25,91,0,0,0,0,0,0,0,0,0,0,0,0,0,0,0,0,0,0,0,0,0,0,0,0,0,0,0,0,0,0,0,0,0,0,0,0
08/06/2014 8:02,110574143,45,24,32,0,0,0,0,0,0,0,0,0,0,0,0,0,0,0,0,0,0,0,0,0,0,0,0,0,0,0,0,0,0,0,0,0,0,0,0
08/06/2014 8:03,103695710,51,24,19,0,0,0,0,0,0,0,0,0,0,0,0,0,0,0,0,0,0,0,0,3,0,0,0,0,0,4,0,0,0,0,0,0,0,0,0
08/06/2014 8:04,124590812,46,20,27,0,0,0,0,0,0,0,0,8,4,0,0,0,0,0,0,0,0,0,0,0,0,0,0,0,0,0,0,0,1,0,0,8,0,0,0
08/06/2014 8:05,129426186,50,32,22,0,0,0,0,0,0,0,0,0,1,1,0,0,0,0,0,3,0,0,8,0,0,0,0,0,0,2,0,1,0,0,0,0,0,0,0
08/06/2014 8:06,138884137,38,32,27,0,9,0,0,0,4,0,0,10,0,0,0,0,1,0,2,0,2,0,3,0,0,0,0,0,0,0,1,1,0,2,0,1,0,0,0
08/06/2014 8:07,114449081,31,25,34,0,0,0,0,0,0,0,0,0,0,0,2,0,2,0,0,3,0,0,0,3,0,5,0,0,0,0,1,1,0,8,0,0,0,0,0
08/06/2014 8:08,75678295,42,3,27,0,0,0,0,5,0,1,0,0,0,0,1,0,0,0,0,0,2,0,0,0,0,2,0,0,0,0,2,0,0,0,0,0,1,0,0
08/06/2014 8:09,166098746,36,31,46,0,0,3,0,3,0,1,0,0,0,0,0,0,1,1,0,0,4,0,0,0,0,2,3,1,5,8,0,3,0,8,0,0,0,0,0
08/06/2014 8:10,216084750,97,17,46,0,0,1,0,1,0,3,4,0,3,1,0,0,3,0,0,0,0,0,1,3,0,7,3,8,0,2,3,1,5,3,0,0,0,1,0
08/06/2014 8:11,291647546,177,20,47,0,0,2,0,5,2,3,0,0,0,0,0,0,1,0,2,2,0,0,0,1,0,1,2,0,0,1,0,0,0,0,0,0,0,0,0
08/06/2014 8:12,166503252,41,25,29,8,2,0,0,0,4,3,0,0,0,1,0,2,6,5,2,3,1,4,6,0,0,7,0,1,0,0,0,0,0,10,1,0,0,0,0
08/06/2014 8:13,208307144,49,41,22,0,0,0,0,4,5,8,3,0,0,2,1,0,2,0,3,0,1,3,2,0,0,5,15,6,3,0,12,10,0,0,0,0,0,0,0
08/06/2014 8:14,140434607,29,15,36,0,3,3,1,3,0,0,0,0,0,8,5,0,0,0,0,0,0,0,11,0,3,2,0,1,0,0,3,14,0,0,0,0,0,0,0
08/06/2014 8:15,198055256,43,37,18,1,0,9,0,9,0,0,0,0,0,8,0,0,6,0,0,0,0,0,1,2,0,0,9,12,0,1,12,3,3,1,4,1,0,0,0
08/06/2014 8:16,274324972,155,7,44,0,0,0,0,0,0,6,0,0,0,5,0,3,7,0,0,0,2,0,0,1,0,5,4,5,0,2,8,7,0,0,2,1,0,0,0
08/06/2014 8:17,138909965,35,17,24,1,0,4,4,2,0,0,0,0,1,1,0,0,0,0,0,1,0,3,3,0,1,12,0,0,6,2,7,3,0,0,2,0,0,0,0
08/06/2014 8:18,188889931,56,31,29,0,0,4,0,4,1,2,1,0,6,12,0,0,0,1,0,0,4,0,1,0,0,5,2,5,0,3,4,8,0,0,2,0,0,0,0
08/06/2014 8:19,306297966,45,65,41,1,3,1,3,22,0,6,0,0,0,14,2,3,18,0,0,4,0,1,9,1,0,11,7,14,0,0,0,1,8,0,0,1,0,0,0
08/06/2014 8:20,255841111,66,6,34,2,0,9,0,5,0,5,3,0,0,4,3,0,0,0,0,0,0,4,0,0,0,24,11,8,5,5,6,7,0,0,7,4,9,0,0
08/06/2014 8:21,224197009,89,26,17,0,0,1,1,3,0,3,0,1,3,5,8,0,3,3,0,0,5,0,1,0,0,4,8,7,0,1,17,1,1,0,0,0,3,0,0
08/06/2014 8:22,171404242,43,26,12,0,0,6,3,8,2,3,4,0,1,4,0,0,7,0,0,3,3,0,8,0,0,0,1,9,5,0,4,4,1,2,0,1,1,0,0
08/06/2014 8:23,172691481,26,30,20,2,1,2,0,4,2,9,0,0,4,12,5,0,5,7,0,0,1,0,0,0,0,5,4,7,2,0,1,8,1,0,6,1,0,0,0
08/06/2014 8:24,175686462,26,31,16,0,0,12,0,9,8,3,4,0,3,7,0,0,7,4,1,0,0,0,2,1,0,1,10,1,1,0,1,2,0,0,1,0,9,0,0
08/06/2014 8:25,269288715,66,17,23,1,5,1,1,11,1,6,0,4,7,6,1,1,5,5,3,0,11,0,3,0,0,4,3,20,1,0,14,12,2,7,3,1,1,0,0
08/06/2014 8:26,227520511,42,17,44,0,1,8,9,2,0,3,0,0,0,4,3,0,3,0,7,3,0,0,0,1,0,1,11,8,4,3,0,29,0,1,0,0,0,0,0
08/06/2014 8:27,180574015,26,17,19,0,0,8,0,11,0,14,5,3,0,4,0,0,18,0,0,4,0,0,1,8,0,13,2,7,0,4,1,6,0,2,4,0,2,0,0
08/06/2014 8:28,252289706,38,24,44,0,0,15,0,7,0,4,0,10,0,20,2,4,0,0,3,0,4,1,3,0,2,11,3,3,7,0,13,11,3,1,8,0,0,0,0
08/06/2014 8:29,212416166,50,33,22,0,0,3,1,3,0,3,1,1,0,26,3,0,6,0,0,0,6,0,0,3,0,3,9,4,0,0,5,20,0,0,4,0,1,0,0
08/06/2014 8:30,281294217,62,24,45,4,4,11,6,10,5,14,6,0,5,10,0,3,3,0,0,5,4,0,1,3,0,7,19,1,0,9,12,8,2,0,2,5,0,0,0
08/06/2014 8:31,230417587,53,18,23,1,0,14,1,3,4,7,0,5,0,15,0,2,10,0,5,1,1,0,0,3,0,8,3,4,3,0,7,9,0,5,1,0,0,0,0
08/06/2014 8:32,277742022,41,25,39,0,1,20,1,5,0,9,0,0,1,10,0,4,14,0,0,0,0,4,2,2,3,5,20,6,0,6,5,7,1,6,1,0,0,0,0
08/06/2014 8:33,259692228,51,27,26,0,0,6,1,12,0,15,3,0,5,22,3,0,1,0,0,0,3,6,0,5,9,6,6,9,5,0,7,3,0,1,3,0,1,0,0
08/06/2014 8:34,275131719,44,33,49,5,1,11,8,8,0,5,1,0,0,9,1,1,4,1,0,0,0,0,11,3,7,7,4,12,0,4,8,2,0,4,2,0,4,0,0
08/06/2014 8:35,244921450,56,36,29,0,0,0,0,1,10,2,0,0,4,1,0,0,8,6,5,5,1,0,2,2,0,9,14,12,0,3,2,6,5,10,5,0,3,0,0
08/06/2014 8:36,241477785,38,22,31,0,0,3,0,0,0,14,0,0,3,16,0,0,8,2,4,1,0,1,4,4,1,7,15,6,2,4,7,14,8,1,3,4,5,0,0
08/06/2014 8:37,293612164,57,39,9,6,0,6,11,4,0,1,8,0,0,9,4,0,20,6,0,0,0,3,16,2,3,17,17,25,6,0,5,12,1,0,0,0,2,0,0
08/06/2014 8:38,227149587,69,10,34,0,0,13,2,1,6,6,0,0,0,8,4,0,10,0,0,0,5,0,5,3,0,7,11,2,4,4,3,2,1,2,1,4,1,0,0
08/06/2014 8:39,292740885,49,17,17,7,1,11,0,8,0,7,7,1,0,7,16,0,10,0,3,0,5,1,2,12,0,13,11,33,2,1,12,6,0,0,1,1,3,0,0
08/06/2014 8:40,400938786,153,70,22,5,3,13,0,15,0,5,0,0,1,13,1,0,9,1,0,4,7,2,0,4,0,6,3,6,7,0,5,17,1,0,9,2,0,0,0
08/06/2014 8:41,360830655,98,11,25,6,0,5,14,3,1,7,2,0,0,29,6,8,18,11,0,11,6,0,11,0,4,20,6,3,5,6,8,18,0,0,0,8,1,0,0
08/06/2014 8:42,222743005,32,33,20,0,0,4,7,4,2,6,0,2,2,8,0,1,9,1,0,0,0,4,0,3,0,18,6,8,0,5,9,3,4,0,3,3,10,0,0
08/06/2014 8:43,323515318,47,28,46,0,6,10,2,9,5,9,9,0,0,15,0,0,11,10,0,0,3,0,5,1,3,3,10,5,0,0,15,22,9,0,1,5,2,7,0
08/06/2014 8:44,235344807,17,51,22,0,3,4,3,8,0,8,7,5,0,10,1,0,10,0,4,11,0,3,6,3,0,8,4,9,1,1,10,6,0,0,0,8,11,0,0
08/06/2014 8:45,407361961,151,23,34,1,4,21,0,6,8,3,11,5,0,21,10,2,4,10,0,0,2,0,6,3,7,18,9,17,1,0,10,4,2,2,1,6,2,0,0
08/06/2014 8:46,282109897,26,45,18,3,0,13,5,9,0,8,7,2,10,16,0,0,7,2,3,0,1,2,1,3,5,11,13,18,1,3,14,5,0,1,0,0,0,0,0
08/06/2014 8:47,329290771,50,23,27,0,1,7,4,6,7,9,6,0,5,9,4,0,12,5,0,0,11,2,1,5,2,26,12,23,6,4,16,14,3,1,3,0,6,0,0
08/06/2014 8:48,312364747,116,27,19,0,1,13,0,9,6,8,0,0,0,13,0,7,12,4,0,0,4,0,0,6,0,6,5,3,2,0,21,4,5,0,0,4,0,0,0
08/06/2014 8:49,301610279,25,31,31,0,9,5,0,28,0,17,2,0,0,17,1,4,18,2,0,0,9,0,2,0,0,5,18,8,0,5,8,16,9,4,0,2,6,0,0
08/06/2014 8:50,244866124,28,18,23,0,2,16,0,0,0,18,1,0,0,18,4,3,14,0,4,3,1,0,3,1,0,15,15,5,1,0,9,9,11,0,0,2,1,0,0
08/06/2014 8:51,279254656,38,38,29,2,3,9,6,8,0,14,2,0,6,14,0,1,11,1,0,1,0,2,3,1,2,6,13,16,6,0,3,6,0,6,7,0,7,0,0
08/06/2014 8:52,299095010,51,29,28,5,0,18,5,9,3,13,10,1,7,20,1,4,14,0,1,3,6,3,0,0,0,7,9,12,1,0,11,14,2,7,3,1,1,0,0
08/06/2014 8:53,339647287,43,18,37,1,0,25,2,14,4,10,3,3,0,9,0,15,11,3,13,2,4,2,7,4,1,14,9,18,12,1,11,16,5,2,1,3,0,0,0
08/06/2014 8:54,331009293,53,28,24,1,9,17,0,7,1,18,6,0,4,19,0,0,8,1,1,6,2,3,19,12,4,11,20,2,0,0,7,25,4,2,0,0,4,0,0
08/06/2014 8:55,312123541,31,22,26,8,5,7,4,2,0,3,0,6,1,12,18,6,26,1,0,1,6,2,6,0,0,18,16,3,0,0,18,18,0,10,1,0,16,0,0
08/06/2014 8:56,325116988,47,24,20,4,9,31,2,16,0,16,5,2,1,10,4,13,12,2,1,5,3,9,0,0,1,6,8,2,1,4,22,24,0,3,0,0,8,0,0
08/06/2014 8:57,345825979,84,6,17,7,4,11,1,11,0,5,14,0,3,11,0,2,19,1,3,5,2,0,3,5,0,16,13,16,9,0,17,16,9,3,2,12,0,0,0
08/06/2014 8:58,291185630,36,20,22,5,8,16,0,12,0,17,8,12,4,12,1,0,10,5,0,2,6,0,4,4,4,8,4,10,12,0,13,8,5,7,0,8,8,0,0
08/06/2014 8:59,336567116,30,31,31,3,15,19,0,14,5,11,5,7,0,4,0,2,17,2,0,5,2,5,15,16,5,23,16,6,4,1,5,4,3,0,5,0,3,0,0
08/06/2014 9:00,243236552,6,0,8,0,0,12,11,16,0,6,3,0,0,11,3,3,18,2,3,1,8,6,4,0,0,11,13,37,6,7,18,2,1,0,0,2,6,0,0
08/06/2014 9:01,248777806,0,0,2,0,0,2,0,7,2,9,8,3,0,16,17,3,27,2,3,11,10,8,1,13,3,19,11,22,3,3,6,6,5,0,0,3,3,0,0
08/06/2014 9:02,228609929,8,0,0,0,0,9,2,18,0,12,0,0,4,23,3,4,3,1,2,2,1,0,11,7,4,15,25,12,10,2,6,11,15,0,0,0,5,0,0
08/06/2014 9:03,227340520,3,0,1,4,6,9,0,23,5,14,0,1,0,19,3,0,14,2,0,3,13,0,13,1,0,10,14,15,7,6,7,6,12,0,1,5,5,0,0
08/06/2014 9:04,225272091,0,0,1,0,3,4,1,21,0,9,1,0,0,24,5,6,20,5,0,2,5,0,3,0,3,14,35,11,10,0,16,7,0,1,7,0,1,0,0
08/06/2014 9:05,234057633,0,0,2,0,3,11,1,16,0,10,2,4,18,35,8,3,13,2,10,1,1,0,0,2,0,16,14,2,1,10,15,13,0,5,6,3,4,0,0
08/06/2014 9:06,216455933,0,0,1,2,2,11,2,12,5,11,0,3,9,11,7,0,7,2,8,1,11,1,1,4,7,24,10,16,4,0,12,7,0,0,0,0,5,3,0
08/06/2014 9:07,327327261,0,0,0,10,4,12,17,9,1,12,15,1,4,20,12,5,27,6,14,1,0,8,6,1,4,29,12,22,0,8,13,22,11,1,3,0,0,2,0
08/06/2014 9:08,198382921,2,0,0,2,1,11,0,12,10,13,5,0,4,16,3,0,15,0,9,0,0,0,0,0,0,18,12,8,0,1,4,8,12,4,3,6,3,0,0
08/06/2014 9:09,254355176,3,42,0,2,0,15,4,22,12,11,0,8,5,12,0,0,6,1,2,2,0,3,4,4,4,15,4,15,0,0,7,11,4,3,5,5,0,0,0
08/06/2014 9:10,297395878,44,1,0,1,0,18,2,4,8,21,1,0,0,30,0,0,33,0,0,0,3,2,2,16,0,17,9,19,10,0,33,9,0,0,5,8,2,0,0
08/06/2014 9:11,289564283,0,0,40,0,3,18,0,8,11,14,5,12,0,10,6,2,9,1,1,6,11,5,12,1,5,11,20,16,3,2,14,13,5,2,4,1,0,0,0
08/06/2014 9:12,221930786,0,1,0,1,1,11,9,14,3,8,6,0,0,12,3,3,30,0,0,0,0,0,4,1,13,15,11,13,0,14,3,25,1,3,0,0,7,0,0
08/06/2014 9:13,271797142,0,0,0,1,0,6,1,9,0,33,1,0,0,30,0,0,32,0,2,0,4,0,5,1,43,18,15,5,1,2,26,10,4,2,0,3,1,3,0
08/06/2014 9:14,211234013,2,7,0,3,1,4,4,23,2,13,3,5,2,23,2,3,0,6,4,1,0,0,0,2,1,13,8,13,6,5,8,9,5,1,10,3,5,0,0
08/06/2014 9:15,220529114,0,0,0,0,1,12,6,22,5,3,8,0,0,23,7,0,13,10,8,5,0,4,6,0,7,9,23,3,2,1,3,13,2,7,4,2,3,0,0
08/06/2014 9:16,229711772,34,0,1,0,0,13,0,10,1,8,3,0,0,5,0,3,8,4,1,0,2,0,16,5,5,17,21,9,1,1,17,6,10,3,3,4,3,3,0
08/06/2014 9:17,234482854,1,5,0,0,2,12,0,10,0,3,0,1,0,11,1,5,21,3,0,3,14,0,10,7,1,11,11,15,9,4,17,31,4,5,2,0,2,0,0
08/06/2014 9:18,257408689,35,5,0,0,4,11,0,4,0,8,0,0,0,3,1,1,20,3,6,4,0,1,17,5,0,10,15,9,1,3,22,8,7,3,4,8,14,0,0
08/06/2014 9:19,236514984,0,0,0,0,1,17,0,7,2,19,0,8,5,15,0,0,21,5,3,8,1,0,4,1,0,16,17,21,1,0,16,12,0,3,4,4,7,0,0
08/06/2014 9:20,318568995,3,0,0,7,11,19,6,28,3,23,6,4,0,43,4,4,14,0,0,2,0,1,1,0,3,12,19,27,7,0,5,24,1,5,0,4,3,0,0
08/06/2014 9:21,188944196,0,0,1,3,0,8,3,8,8,7,8,12,15,13,0,0,19,1,3,0,4,0,1,0,0,23,6,14,0,0,6,18,2,7,3,3,0,0,0
08/06/2014 9:22,302855080,70,1,2,0,1,15,8,22,0,20,0,3,5,17,4,0,8,5,0,0,0,5,0,1,7,20,12,14,0,0,5,9,1,3,4,4,2,0,0
08/06/2014 9:23,207956923,0,1,0,8,0,1,0,8,4,20,2,6,0,21,12,0,6,3,2,3,4,0,5,0,0,9,23,3,7,0,18,13,2,12,2,0,1,1,0
08/06/2014 9:24,196860669,0,0,1,3,0,4,2,17,1,8,0,0,0,19,4,0,18,2,1,0,6,0,3,0,6,4,15,23,3,0,9,23,8,0,11,6,0,0,0
08/06/2014 9:25,221191869,0,0,5,5,0,14,1,11,0,14,0,4,1,20,1,2,16,9,1,2,7,8,7,5,0,16,10,0,3,0,13,8,1,8,3,6,13,0,0
08/06/2014 9:26,192362689,0,0,1,0,6,7,8,14,0,6,0,0,0,24,0,2,29,4,0,4,11,1,3,0,0,2,14,2,4,8,2,21,2,1,1,0,3,0,0
08/06/2014 9:27,161792505,1,0,2,1,0,12,2,29,6,4,2,0,1,11,1,3,5,1,2,0,5,0,8,2,7,6,20,4,7,0,6,7,0,4,3,0,5,0,0
08/06/2014 9:28,184688039,7,0,1,0,0,12,3,6,5,17,0,0,0,18,4,1,18,1,1,12,0,5,2,0,0,15,21,6,8,0,11,6,4,1,2,0,0,0,0
08/06/2014 9:29,206885889,0,0,0,10,2,0,8,13,0,11,3,1,0,8,7,0,12,1,7,4,2,0,5,1,1,23,10,11,5,4,19,12,0,8,0,1,3,1,0
08/06/2014 9:30,217603238,13,0,1,0,3,10,7,9,0,6,4,0,4,1,4,0,15,0,14,2,1,35,8,5,0,19,22,12,0,0,4,6,0,0,1,0,5,0,0
08/06/2014 9:31,207211575,5,0,1,0,5,4,2,19,5,6,11,2,3,0,2,0,8,1,0,8,0,2,0,4,3,25,21,0,18,1,0,16,1,8,5,11,0,0,0
08/06/2014 9:32,235388227,41,0,1,0,0,16,2,9,2,14,0,0,0,0,0,2,18,1,0,3,7,1,2,1,3,11,5,4,4,11,6,12,4,5,4,13,0,0,7
08/06/2014 9:33,243779347,13,0,1,3,4,9,11,6,4,19,2,0,5,0,1,5,4,4,1,5,7,14,13,4,4,7,18,10,11,0,17,1,0,3,2,1,5,0,12
08/06/2014 9:34,185192831,2,0,1,4,5,2,0,15,3,11,7,0,2,0,1,2,11,0,4,4,6,0,9,0,1,25,4,7,0,4,17,8,0,11,4,0,0,0,16
08/06/2014 9:35,265075245,31,0,0,0,1,19,2,23,4,6,9,6,0,0,3,3,15,0,2,1,0,0,8,4,0,6,22,9,3,0,20,14,1,7,7,0,2,0,20
08/06/2014 9:36,211198586,5,1,0,1,1,5,6,9,2,9,0,3,0,0,8,5,12,0,3,0,1,9,0,0,12,14,23,7,1,7,14,3,5,0,4,0,3,2,24
08/06/2014 9:37,185814849,0,0,3,1,0,1,0,10,11,10,5,3,10,0,8,1,8,2,3,0,0,4,17,5,11,4,9,0,4,0,7,7,1,5,0,3,1,0,24
08/06/2014 9:38,145927745,7,0,0,0,13,10,2,9,0,17,2,1,0,0,0,1,11,2,0,0,0,3,4,1,3,12,0,0,9,0,0,2,7,0,0,0,0,0,27
08/06/2014 9:39,213177492,4,0,1,0,7,19,0,26,0,8,2,5,4,0,8,2,17,13,0,0,0,1,8,0,0,10,0,9,1,0,5,5,0,8,6,1,1,1,29
08/06/2014 9:40,244184879,7,1,1,0,2,17,0,14,9,7,2,4,0,0,0,9,18,0,0,1,10,1,10,6,0,3,5,2,3,2,12,10,1,2,0,4,6,0,62
08/06/2014 9:41,261698481,7,1,1,8,0,9,2,12,0,5,8,38,13,0,10,13,21,6,0,0,1,6,16,4,0,7,4,6,0,0,7,9,3,0,1,3,0,0,37
08/06/2014 9:42,332960501,0,0,0,6,56,25,8,13,0,8,1,13,3,0,12,0,16,1,9,0,4,4,4,1,5,12,18,12,2,0,24,12,5,0,0,0,1,0,48
08/06/2014 9:43,161958062,4,0,0,1,0,12,0,3,1,18,1,1,3,0,0,2,10,1,2,0,1,0,2,0,0,15,3,6,2,5,16,3,5,0,4,5,0,0,41
08/06/2014 9:44,301770322,0,0,1,0,0,13,2,12,4,5,7,5,11,0,6,0,19,33,3,1,1,0,13,0,0,15,4,14,11,10,17,12,5,1,11,0,1,0,53
08/06/2014 9:45,238651269,36,4,0,11,1,6,2,1,0,7,0,0,0,0,1,9,17,8,6,0,1,0,10,11,1,2,5,1,1,0,7,17,3,0,0,0,4,0,46
08/06/2014 9:46,238825622,0,0,0,0,1,22,3,21,4,13,0,0,3,0,14,0,16,2,0,0,0,11,4,5,2,13,11,9,0,2,11,7,0,1,6,1,2,0,42
08/06/2014 9:47,224935670,5,0,1,0,0,6,3,8,2,9,8,3,0,0,8,5,13,0,5,3,7,0,3,0,1,9,20,0,2,0,11,5,0,1,4,11,3,0,59
08/06/2014 9:48,287875667,0,43,1,4,4,13,1,0,0,15,0,0,0,0,2,0,15,5,3,9,4,0,32,3,3,14,0,13,1,4,17,3,4,4,2,2,0,0,72
08/06/2014 9:49,194433227,4,0,1,0,0,6,3,7,0,23,3,1,7,0,10,0,22,6,0,4,2,0,3,1,4,4,0,0,0,0,13,1,0,0,5,6,5,0,39
08/06/2014 9:50,211966843,0,0,0,7,0,9,4,3,0,7,0,6,0,0,4,0,3,3,7,0,2,3,1,5,1,4,12,18,10,0,13,15,0,0,1,4,0,0,67
08/06/2014 9:51,268190018,49,0,0,0,0,3,6,8,4,8,6,12,2,0,0,0,7,0,5,6,1,0,17,0,0,7,19,0,0,0,9,4,1,6,5,0,11,0,58
08/06/2014 9:52,203846577,0,0,0,10,3,8,5,14,2,6,1,2,0,0,0,1,12,0,0,0,11,7,6,7,3,8,10,6,1,0,15,2,0,10,0,0,3,0,39
08/06/2014 9:53,195561225,10,1,0,4,0,17,11,19,7,17,0,0,0,0,6,1,6,4,0,0,0,0,14,0,0,5,0,0,4,5,3,9,0,2,0,1,0,0,36
08/06/2014 9:54,170784106,1,1,1,0,0,10,5,0,2,14,2,6,0,0,0,0,17,0,0,4,3,4,12,4,5,6,0,12,4,0,9,10,3,6,2,0,8,0,20
08/06/2014 9:55,273956834,0,0,1,2,0,0,5,14,12,29,0,6,0,0,4,0,20,5,3,6,0,4,2,5,11,8,16,0,8,0,6,8,0,7,0,52,5,0,6
08/06/2014 9:56,185254607,0,0,1,1,4,14,0,9,0,6,2,2,0,0,4,15,0,5,1,4,0,0,6,1,4,19,15,14,1,5,8,6,10,0,3,0,0,0,18
08/06/2014 9:57,244973941,49,1,36,2,4,10,7,10,1,4,2,0,0,0,1,1,12,0,0,5,1,4,11,10,0,6,0,0,1,0,4,21,3,8,1,0,3,0,12
08/06/2014 9:58,201183917,0,1,1,0,0,4,0,15,0,9,7,4,0,0,6,0,17,0,12,0,0,1,4,1,0,28,0,9,0,0,13,14,1,7,8,3,1,0,15
08/06/2014 9:59,115196176,6,0,1,0,0,3,0,13,0,5,3,0,0,0,4,0,9,4,2,0,0,7,7,2,0,14,0,0,0,0,15,2,5,0,0,0,1,0,10
08/06/2014 10:00,164601769,0,0,0,1,0,11,3,2,0,24,5,5,0,0,1,4,7,3,2,0,10,2,7,1,0,7,13,5,1,0,12,15,6,1,5,0,1,0,3
08/06/2014 10:01,178606160,0,0,0,1,3,9,16,4,1,14,9,1,0,0,0,0,8,4,5,11,4,1,9,0,7,8,10,3,4,0,13,5,1,4,4,0,5,0,4
08/06/2014 10:02,140858722,0,0,0,0,0,9,0,14,2,21,2,1,0,0,5,0,10,0,7,0,2,0,6,0,2,12,9,4,2,5,7,4,0,1,1,0,0,0,2
08/06/2014 10:03,211408186,0,0,0,0,0,12,2,19,0,20,4,2,2,0,2,1,14,2,2,0,0,0,4,8,15,18,3,12,4,4,10,8,4,6,9,0,2,0,3
08/06/2014 10:04,149743560,0,0,0,0,4,10,4,14,7,7,0,0,5,0,0,6,7,10,3,3,5,0,4,6,0,15,0,5,6,3,6,10,1,0,0,0,0,0,1
08/06/2014 10:05,257714435,0,0,0,13,3,13,1,4,0,13,9,0,2,0,1,0,6,0,0,0,0,2,3,1,4,17,30,8,9,0,11,40,0,5,0,0,45,0,5
08/06/2014 10:06,199947661,0,0,0,3,3,14,7,4,2,16,0,0,0,0,0,3,6,0,4,1,2,1,4,6,0,40,2,16,8,2,11,14,4,3,1,1,2,0,0
08/06/2014 10:07,138576241,6,0,6,0,0,3,0,1,0,10,1,7,2,0,0,0,18,2,8,9,1,5,2,1,0,2,4,0,6,0,1,0,7,3,0,5,5,0,13
08/06/2014 10:08,134250124,0,0,0,2,1,9,3,8,2,9,0,0,0,0,6,4,3,14,2,2,1,0,5,1,0,7,0,8,0,0,11,10,1,0,3,0,2,0,0
08/06/2014 10:09,136031927,0,5,0,0,3,5,0,22,0,8,0,0,0,0,3,0,12,4,1,0,0,3,5,14,6,20,0,0,0,0,14,7,0,0,1,0,1,0,0
08/06/2014 10:10,187452057,0,0,0,1,0,18,1,16,0,6,0,3,0,0,1,10,9,9,2,0,2,8,5,1,3,14,5,15,3,0,1,1,7,4,0,16,18,0,4
08/06/2014 10:11,165406323,0,0,0,0,9,14,2,10,4,13,6,9,0,0,3,4,17,7,4,4,0,1,1,2,1,4,11,0,6,4,4,7,0,3,8,7,0,0,4
08/06/2014 10:12,155924371,0,0,0,0,0,21,0,18,6,12,0,0,3,0,0,1,14,1,0,6,0,1,1,0,0,11,14,1,2,3,15,2,4,6,0,1,0,0,0
08/06/2014 10:13,157825775,0,0,0,0,4,10,1,3,8,1,1,1,4,0,0,0,4,3,1,1,1,0,10,0,9,12,7,6,4,4,26,9,4,0,0,1,4,0,4
08/06/2014 10:14,188700123,0,0,0,0,4,11,10,17,8,5,0,2,0,0,9,0,51,8,2,0,3,0,6,5,0,6,0,6,0,4,6,5,7,4,0,3,1,0,0
08/06/2014 10:15,148642075,0,0,0,0,3,4,1,4,6,11,0,0,1,0,5,4,3,3,1,4,0,1,4,1,0,9,27,1,0,5,18,17,4,3,0,0,4,0,0
08/06/2014 10:16,148389339,0,0,0,0,1,9,0,10,0,0,1,0,2,0,0,0,11,5,0,3,12,0,5,3,0,5,12,3,0,1,27,5,0,1,14,0,3,0,0
08/06/2014 10:17,141386696,0,0,0,0,11,17,0,1,1,7,9,0,3,0,2,0,4,4,4,0,0,4,10,3,1,2,0,15,4,0,10,8,7,0,4,0,4,0,0
08/06/2014 10:18,180807329,0,0,0,0,5,25,1,16,0,3,4,0,0,0,1,0,24,0,2,2,12,1,9,4,1,23,0,6,0,3,11,4,6,0,4,0,4,0,0
08/06/2014 10:19,101140040,0,0,0,0,7,4,0,8,0,4,1,1,2,0,0,2,6,0,0,8,1,0,10,0,0,12,0,9,3,0,8,5,1,0,2,2,0,0,0
08/06/2014 10:20,164242899,0,0,0,0,1,4,4,4,8,3,8,4,1,0,7,5,14,0,4,0,3,0,3,7,9,6,16,9,1,0,15,0,0,7,5,5,1,0,0
08/06/2014 10:21,141555444,0,0,0,0,9,4,2,13,3,6,0,0,1,0,1,3,8,0,1,0,0,4,2,6,0,16,10,0,4,0,9,23,2,0,6,1,2,0,0
08/06/2014 10:22,192593184,0,0,2,0,4,13,0,4,0,6,7,3,0,0,8,1,19,0,0,0,0,1,5,9,1,1,8,10,0,3,8,7,3,49,0,10,2,0,0
08/06/2014 10:23,166757821,0,0,0,0,3,14,3,8,2,21,3,4,3,0,0,0,19,1,1,2,6,1,4,1,6,11,0,2,0,1,1,2,0,11,9,9,0,0,0
08/06/2014 10:24,127082007,0,0,0,0,0,3,4,0,0,10,3,5,2,0,11,1,4,0,0,1,4,0,4,4,5,11,0,13,0,0,8,0,3,8,15,0,7,0,0
08/06/2014 10:25,185466751,0,0,0,0,0,4,3,23,1,4,3,1,0,0,0,0,7,0,1,0,0,45,2,9,10,5,20,0,0,4,17,7,0,2,6,0,0,0,0
08/06/2014 10:26,196748021,0,0,0,0,4,4,0,10,1,2,6,0,0,0,0,2,21,0,0,2,3,7,3,5,0,11,8,13,2,40,5,5,2,13,3,12,1,0,0
08/06/2014 10:27,155431879,0,0,0,0,0,22,4,8,0,15,1,0,0,0,5,2,12,6,0,1,3,2,0,0,11,4,4,0,14,3,11,7,0,2,10,4,6,0,0
08/06/2014 10:28,155076319,0,0,0,0,0,4,0,10,4,4,10,1,0,0,0,0,15,5,2,1,6,1,1,0,0,3,36,10,10,1,2,12,4,3,1,0,0,0,0
08/06/2014 10:29,115946007,0,0,0,0,0,0,3,14,7,3,2,0,0,0,0,0,2,0,0,0,0,3,0,3,1,5,0,0,0,0,11,55,0,7,4,0,5,0,0
08/06/2014 10:30,204234480,0,0,0,0,0,12,0,6,0,21,5,0,2,0,0,0,25,7,6,0,1,11,18,0,0,10,6,10,1,0,9,0,8,3,8,0,12,0,0
08/06/2014 10:31,164778874,0,0,0,0,1,13,2,25,9,18,2,0,3,0,1,0,24,3,0,0,0,3,5,4,2,11,0,4,3,0,1,0,2,6,2,11,0,0,0
08/06/2014 10:32,149000408,0,3,0,0,5,0,0,8,2,5,5,2,3,0,1,2,11,1,10,0,4,10,6,1,5,2,0,11,6,0,13,0,3,3,1,5,5,0,0
08/06/2014 10:33,132184066,0,0,0,0,0,21,3,10,0,3,1,3,1,0,0,0,9,6,8,7,1,0,2,0,0,9,0,0,5,0,5,0,8,7,4,0,5,7,0
08/06/2014 10:34,120337563,0,0,0,0,0,0,8,9,0,9,2,3,5,0,0,0,5,1,2,6,9,0,1,3,0,3,0,10,5,6,9,0,1,0,1,5,13,0,0
08/06/2014 10:35,156137774,0,0,0,0,5,0,5,11,5,18,1,0,0,0,9,2,12,0,1,5,5,0,3,0,0,7,27,5,0,2,12,0,0,1,4,2,8,0,0
08/06/2014 10:36,173719654,0,0,0,0,0,1,0,20,5,10,0,0,4,0,7,2,18,4,5,0,4,2,5,0,0,7,5,9,1,4,3,11,9,8,6,0,10,0,0
08/06/2014 10:37,95565936,0,0,0,0,0,3,3,12,0,8,3,3,2,0,1,4,10,1,5,0,2,0,1,1,0,3,0,0,2,1,12,0,4,6,1,1,0,0,0
08/06/2014 10:38,213702221,0,0,0,0,0,19,8,12,0,17,2,0,2,0,2,0,17,0,0,6,7,3,9,5,0,24,0,17,1,2,12,1,9,10,1,0,10,0,0
08/06/2014 10:39,120261367,0,0,0,0,7,0,0,9,7,11,12,5,4,0,1,0,4,0,0,0,1,4,0,1,0,4,0,0,0,8,10,20,1,1,0,12,1,0,0
08/06/2014 10:40,218263898,0,0,0,0,6,24,1,10,7,8,2,6,1,0,34,7,6,4,0,7,0,6,5,1,5,1,4,9,8,1,18,0,6,0,5,0,3,0,0
08/06/2014 10:41,117707132,0,0,0,0,1,0,2,1,5,3,0,0,0,0,0,8,6,6,0,8,3,0,4,2,0,11,11,0,3,0,11,10,3,3,3,1,0,0,0
08/06/2014 10:42,151522496,0,0,0,0,3,0,0,3,0,20,9,6,6,0,0,1,16,3,1,3,13,3,2,0,0,9,9,9,9,0,9,0,0,2,3,4,4,0,0
08/06/2014 10:43,166815622,0,0,0,0,39,7,0,6,2,3,0,0,0,0,9,2,0,2,0,8,4,0,0,0,7,13,8,0,0,7,13,9,3,0,4,5,7,0,0
08/06/2014 10:44,104755701,0,0,0,0,0,5,2,4,3,2,0,1,1,0,10,0,2,0,0,0,4,5,0,1,5,7,4,11,1,0,15,12,1,3,0,4,0,0,0
08/06/2014 10:45,177404558,0,0,0,0,0,3,7,10,0,7,1,0,3,0,1,0,14,7,0,6,2,0,0,35,4,14,19,2,0,4,10,0,8,1,6,0,0,0,0
08/06/2014 10:46,154766130,0,0,0,0,0,7,2,11,0,12,5,0,0,0,6,0,28,1,0,5,11,1,4,0,0,13,3,6,4,0,18,4,0,3,0,1,6,0,0
08/06/2014 10:47,160473436,0,0,0,0,43,6,0,15,2,21,8,1,0,0,0,0,14,3,1,0,0,1,7,1,0,8,4,1,4,0,17,1,2,1,0,0,1,0,0
08/06/2014 10:48,148801319,0,0,0,0,0,14,4,18,0,5,11,1,0,0,0,0,18,0,5,1,0,2,6,1,0,9,3,1,0,2,2,15,0,7,0,4,5,0,0
08/06/2014 10:49,179111939,0,0,0,0,2,8,2,28,7,6,0,5,2,0,5,0,11,0,0,0,1,1,11,8,0,10,11,11,1,2,21,8,1,0,0,6,0,0,0
08/06/2014 10:50,163083283,0,0,0,0,2,24,0,10,0,5,0,6,5,0,1,7,10,1,6,13,0,0,2,2,0,11,16,6,7,4,3,6,1,5,4,6,1,0,0
08/06/2014 10:51,205240100,0,0,0,0,0,0,6,14,0,8,0,5,0,0,5,0,55,4,8,3,5,0,0,8,5,11,12,14,3,0,8,7,1,2,3,8,8,0,0
08/06/2014 10:52,128984087,0,0,0,0,1,0,2,2,4,8,0,1,5,0,11,4,9,0,1,4,0,3,4,5,0,8,6,9,5,0,10,7,1,2,1,0,6,0,0
08/06/2014 10:53,139108620,0,0,0,0,1,11,5,10,4,15,3,0,6,0,5,0,6,7,0,2,0,0,13,0,1,8,0,0,3,0,20,5,0,1,2,0,2,3,0
08/06/2014 10:54,115477572,6,0,0,0,1,12,1,6,0,5,4,0,0,0,0,1,10,0,4,8,3,4,4,0,0,7,0,10,0,0,6,5,0,0,0,0,3,3,0
08/06/2014 10:55,132823877,0,0,0,0,8,0,12,2,1,5,0,0,2,0,8,0,3,0,5,0,5,0,1,0,0,19,7,2,2,5,8,19,0,0,5,4,5,0,0
08/06/2014 10:56,120710289,0,0,0,0,0,16,0,7,2,13,10,8,1,0,0,0,8,0,0,3,1,0,0,1,0,1,7,13,2,0,18,0,2,3,0,1,3,0,0
08/06/2014 10:57,208238055,0,0,0,0,4,7,8,9,0,38,3,10,0,0,3,1,18,0,0,6,1,1,1,0,3,4,6,0,5,5,9,39,1,0,0,0,0,0,0
08/06/2014 10:58,157010158,0,0,0,0,3,0,7,7,6,5,5,4,3,0,0,6,11,1,0,3,10,0,17,3,0,17,5,12,8,3,11,0,0,2,0,0,0,0,0
08/06/2014 10:59,123708224,3,0,4,0,2,0,2,6,2,9,7,0,3,0,2,0,13,5,1,3,0,0,6,2,1,19,6,2,1,0,14,0,2,1,5,0,0,0,0
08/06/2014 11:00,125612642,0,0,0,0,0,4,12,5,3,20,1,1,0,0,4,2,2,0,7,2,7,0,6,2,3,3,9,12,0,0,5,0,0,1,0,5,9,0,0
08/06/2014 11:01,174812934,0,0,0,0,2,56,2,4,5,8,2,5,0,0,4,0,11,0,1,5,10,8,8,2,0,12,4,0,0,0,0,0,14,0,0,8,0,0,0
08/06/2014 11:02,270006116,0,0,0,9,12,0,5,9,1,16,6,3,1,0,4,42,34,0,2,1,10,0,8,9,6,12,28,2,0,3,13,10,1,4,5,1,3,0,0
08/06/2014 11:03,282050366,0,0,0,0,7,0,5,24,6,59,10,0,1,0,0,0,12,2,1,3,12,5,7,6,2,23,0,32,12,1,0,0,4,2,17,4,8,0,0
08/06/2014 11:04,222387618,0,0,0,0,3,0,2,7,2,5,7,0,0,0,5,0,48,0,0,4,1,0,1,1,8,34,0,0,9,0,18,18,11,0,13,3,2,0,0
08/06/2014 11:05,190049427,0,0,0,4,3,0,1,20,1,27,0,0,1,0,8,0,16,5,0,4,2,0,10,1,0,14,15,0,9,0,16,0,8,8,6,2,0,0,0
08/06/2014 11:06,202527485,0,0,0,1,0,7,0,12,0,17,10,1,1,0,3,2,30,0,4,4,4,4,6,0,1,19,12,0,2,7,19,5,6,8,0,0,7,0,0
08/06/2014 11:07,266155510,0,0,0,0,2,6,4,16,1,8,14,1,10,0,6,7,4,11,8,47,4,4,24,0,5,15,7,0,10,0,13,8,3,1,2,0,0,0,0
08/06/2014 11:08,228236836,0,0,0,2,10,0,5,32,0,25,5,1,6,0,2,0,8,12,1,3,5,11,4,11,3,10,0,10,9,0,25,0,3,5,3,10,3,0,0
08/06/2014 11:09,163022391,0,0,0,4,2,0,1,16,0,22,6,2,15,0,5,0,8,1,1,4,4,1,2,4,2,7,0,0,1,4,29,5,4,9,0,0,6,0,0
08/06/2014 11:10,223497411,0,0,0,5,0,24,10,14,0,19,16,4,1,0,1,0,3,7,0,8,4,2,10,3,3,9,13,6,0,11,20,7,1,5,2,3,3,0,0
08/06/2014 11:11,236527583,4,0,0,2,3,0,1,10,0,19,5,1,0,0,0,0,25,0,0,5,6,1,16,7,2,30,13,8,1,0,30,10,3,8,3,5,5,3,0
08/06/2014 11:12,174314380,0,0,0,0,0,0,8,10,1,6,7,9,3,0,0,0,3,3,5,3,0,6,3,7,1,25,5,10,0,0,17,11,6,7,3,0,7,0,0
08/06/2014 11:13,192047743,0,0,0,3,3,3,3,9,4,15,6,2,4,0,0,28,6,10,3,8,12,0,5,6,0,3,6,0,9,8,7,5,9,0,8,0,0,0,0
08/06/2014 11:14,165891792,0,0,0,0,0,14,14,11,7,4,1,0,4,0,0,3,14,1,0,0,7,5,5,0,0,11,0,13,1,3,6,10,6,1,4,10,3,4,0
08/06/2014 11:15,162172966,0,0,0,1,1,6,4,14,0,6,4,4,0,0,1,9,6,22,1,11,0,9,4,0,0,17,7,0,3,0,18,0,1,2,0,0,0,0,0
08/06/2014 11:16,184149697,0,0,0,0,0,13,5,26,7,3,3,0,0,0,5,0,6,5,2,0,3,12,14,11,0,2,3,6,8,0,2,14,1,2,5,4,8,0,0
08/06/2014 11:17,167533199,0,0,0,1,0,2,0,34,0,24,0,0,0,0,9,0,11,17,5,0,0,0,2,5,1,9,10,8,4,4,3,0,0,0,0,2,11,0,0
08/06/2014 11:18,238611203,0,0,0,5,18,9,0,27,8,6,5,5,4,0,4,0,4,0,6,3,9,5,5,2,0,5,19,12,2,2,23,0,0,8,2,3,9,0,0
08/06/2014 11:19,197349057,0,0,0,8,0,0,6,5,0,14,7,0,12,0,1,7,27,9,3,2,0,6,1,4,7,7,0,0,5,0,13,17,5,3,17,0,0,0,0
08/06/2014 11:20,127162184,0,0,0,0,0,19,3,19,2,12,0,4,0,0,4,4,9,0,1,0,0,1,8,0,0,2,8,7,0,1,25,2,2,0,1,0,0,0,0
08/06/2014 11:21,215376539,0,0,0,1,0,5,0,31,4,24,0,5,0,0,8,6,17,2,3,4,1,3,0,1,0,20,7,8,7,3,13,18,1,1,5,0,1,0,0
08/06/2014 11:22,113254500,0,0,0,5,0,0,1,16,4,4,5,3,0,0,4,0,14,8,6,1,0,0,0,3,0,12,8,6,0,0,9,0,4,1,1,1,2,0,0
08/06/2014 11:23,193015310,0,0,0,0,0,22,12,12,3,16,6,2,0,0,2,0,13,9,5,9,0,0,7,3,4,24,6,0,0,0,13,6,2,4,2,2,1,0,0
08/06/2014 11:24,138102695,0,0,0,0,0,5,0,7,8,16,0,1,0,0,4,0,14,1,0,1,0,0,3,4,0,7,7,15,6,0,11,8,9,2,3,0,2,0,0
08/06/2014 11:25,336212058,0,0,4,7,3,0,4,12,1,30,5,6,5,0,0,6,7,2,12,3,0,0,10,5,48,65,12,0,3,8,10,16,6,14,1,1,4,0,0
08/06/2014 11:26,140046998,0,0,0,1,6,6,0,11,8,0,7,4,1,0,0,0,7,0,0,0,5,11,0,11,4,11,4,13,2,0,8,0,5,4,1,1,5,4,0
08/06/2014 11:27,189374670,0,0,0,4,1,21,10,28,0,14,4,1,0,0,0,12,7,1,1,6,2,2,0,1,0,17,14,0,0,7,11,2,0,2,1,8,2,0,0
08/06/2014 11:28,195703487,0,0,0,4,14,0,4,16,3,16,2,4,2,0,0,0,28,6,0,0,0,1,7,1,5,12,2,11,1,4,9,5,10,0,19,0,1,0,0
08/06/2014 11:29,106402113,0,0,0,1,1,0,1,7,6,13,1,0,5,0,5,4,9,0,0,5,3,2,1,4,2,20,0,0,9,2,7,6,1,1,0,0,0,1,0
08/06/2014 11:30,183991067,0,0,0,0,3,19,0,6,2,7,3,6,0,14,0,10,4,5,2,6,3,3,3,0,0,7,30,13,7,0,6,5,7,3,0,0,0,0,0
08/06/2014 11:31,199751052,0,0,0,7,0,0,0,18,8,12,5,10,1,10,0,0,12,6,1,8,2,0,8,9,2,4,8,0,6,2,2,14,0,4,11,4,0,0,0
08/06/2014 11:32,252406192,0,0,0,7,43,0,3,26,0,24,2,15,5,16,3,5,4,1,2,0,1,5,5,0,0,4,0,9,7,1,12,5,1,4,7,5,7,0,0
08/06/2014 11:33,191266682,0,0,6,2,2,6,5,6,0,6,23,1,0,24,3,2,6,2,2,15,5,0,10,0,2,6,0,0,5,0,17,9,5,7,3,0,2,0,0
08/06/2014 11:34,187407004,0,0,0,1,9,15,2,6,9,7,1,0,6,13,37,0,8,3,2,0,0,0,3,1,0,21,0,11,6,0,14,2,1,0,5,2,0,0,0
08/06/2014 11:35,236449121,0,0,0,8,7,2,14,13,1,8,9,6,3,8,4,0,18,0,0,7,5,10,18,0,3,12,8,0,11,3,10,7,9,0,1,1,11,0,0
08/06/2014 11:36,255646137,0,6,0,10,5,8,4,6,0,7,3,7,0,12,12,4,24,1,0,17,1,1,7,2,3,10,15,41,0,2,23,9,1,0,1,2,0,0,0
08/06/2014 11:37,214575946,0,0,0,0,6,12,7,16,8,5,0,1,0,14,0,9,17,5,4,5,11,3,9,0,0,17,12,0,8,6,9,10,3,7,4,0,4,0,0
08/06/2014 11:38,121203791,0,0,0,0,9,7,4,5,2,1,0,2,0,7,1,4,6,0,0,1,20,1,4,1,2,8,0,0,3,0,8,3,2,7,0,2,5,0,0
08/06/2014 11:39,188968275,0,0,0,3,1,0,5,15,8,10,5,3,0,31,11,8,2,4,0,0,2,0,10,4,6,5,0,0,2,0,9,12,12,3,0,1,1,0,0
08/06/2014 11:40,258042201,0,0,0,0,2,22,0,23,0,18,0,5,4,33,1,0,16,13,2,9,5,4,1,8,0,9,3,0,7,1,31,4,1,0,0,12,6,0,0
08/06/2014 11:41,183487641,0,4,0,1,0,0,0,12,0,19,7,0,45,9,1,1,8,7,0,4,1,3,9,2,2,13,8,0,1,1,9,0,7,5,0,1,0,0,0
08/06/2014 11:42,204513919,0,0,0,4,2,0,16,10,1,8,1,2,8,11,4,6,21,4,0,0,0,0,3,4,0,15,21,12,1,0,15,8,2,9,0,0,0,0,0
08/06/2014 11:43,165652266,0,0,0,0,0,16,0,12,1,22,0,0,1,21,1,0,1,5,2,5,12,0,1,4,4,11,5,0,0,0,9,9,2,5,5,0,2,0,0
08/06/2014 11:44,188151191,0,0,0,0,1,8,5,16,3,15,1,0,3,35,2,6,8,2,0,0,0,2,5,16,9,13,0,10,5,2,2,2,1,15,0,4,0,0,0
08/06/2014 11:45,162177821,0,0,0,4,3,0,1,11,0,3,3,0,1,21,7,0,13,0,5,0,0,0,2,1,0,14,2,0,2,0,9,12,3,2,7,16,9,0,0
08/06/2014 11:46,212913062,0,0,0,11,0,5,2,8,6,15,5,1,8,24,4,10,8,1,0,0,1,2,10,3,0,1,18,10,5,0,11,4,3,17,0,0,2,0,0
08/06/2014 11:47,210449934,0,0,3,2,7,6,4,9,3,4,3,0,0,9,0,0,13,8,2,6,1,0,7,4,0,24,42,0,7,0,7,4,5,4,7,3,0,2,0
08/06/2014 11:48,193952704,0,0,0,4,0,13,2,16,2,3,11,4,0,19,3,1,15,10,2,5,2,14,0,6,0,12,0,6,7,3,10,11,2,1,6,0,0,0,0
08/06/2014 11:49,156566760,0,0,0,3,2,0,4,8,0,11,0,6,0,7,5,0,18,0,0,11,4,0,5,1,0,14,0,6,2,2,6,11,5,12,5,3,0,0,0
08/06/2014 11:50,165929496,0,0,0,0,4,9,0,6,0,12,7,9,0,7,7,1,8,1,0,6,1,10,4,10,1,6,10,5,3,0,12,4,0,0,7,3,0,0,0
08/06/2014 11:51,164084318,0,0,0,11,1,18,10,3,3,4,4,2,0,10,0,5,16,2,1,0,1,5,0,1,2,7,0,9,2,3,14,8,7,4,4,9,0,0,0
08/06/2014 11:52,172896764,0,0,0,0,3,0,0,18,0,14,0,0,1,12,0,5,1,1,0,0,3,0,23,0,1,14,0,12,1,0,9,16,1,12,6,11,0,0,0
08/06/2014 11:53,162097583,0,0,0,6,0,14,3,10,0,8,1,0,0,21,3,2,19,5,0,3,7,0,1,9,3,7,0,0,2,7,14,5,0,6,0,1,0,0,0
08/06/2014 11:54,146458520,0,0,0,17,0,7,0,6,0,10,3,4,0,6,0,11,9,0,5,2,0,0,4,1,4,12,0,8,1,0,11,4,1,4,4,4,2,0,0
08/06/2014 11:55,156102754,0,0,0,7,4,0,12,17,2,9,0,0,10,14,0,0,0,3,0,2,3,7,3,6,2,21,12,4,0,3,5,0,5,0,1,0,5,0,0
08/06/2014 11:56,258699637,0,0,0,0,4,4,5,15,4,18,0,0,3,21,9,1,23,0,0,0,4,7,9,1,1,6,8,38,1,7,11,14,1,15,1,4,7,0,0
08/06/2014 11:57,188070077,0,0,0,4,5,3,2,7,0,7,4,0,6,30,14,5,16,1,0,2,1,3,3,8,0,2,13,0,22,0,8,0,0,0,2,1,5,0,0
08/06/2014 11:58,190758834,0,0,0,0,0,6,11,30,5,23,5,0,1,5,7,2,13,6,0,0,0,1,7,0,6,7,5,0,2,0,8,14,0,8,0,5,1,0,0
08/06/2014 11:59,146622747,0,0,0,0,1,6,1,16,4,10,5,5,5,26,12,0,16,4,0,4,5,0,0,1,4,7,0,0,0,1,2,5,5,2,1,1,1,0,0
08/06/2014 12:00,156762818,0,0,0,2,2,6,6,17,0,8,5,11,3,0,1,0,6,1,0,3,1,4,8,6,1,10,15,0,3,3,17,3,0,3,0,1,0,0,0
08/06/2014 12:01,185945615,0,0,0,5,5,24,3,6,3,8,4,0,3,0,1,2,8,4,10,0,4,3,8,5,3,11,16,0,2,0,13,10,4,13,0,0,2,0,0
08/06/2014 12:02,145949188,0,0,0,5,1,0,4,5,1,2,0,6,0,0,1,10,7,5,1,0,3,5,9,0,3,24,9,8,4,2,0,0,2,3,5,3,6,0,0
08/06/2014 12:03,244213363,0,0,0,3,1,3,2,13,0,57,6,3,4,0,0,1,13,5,11,0,1,0,6,11,4,16,0,0,3,6,24,13,13,3,0,7,1,0,0
08/06/2014 12:04,238854222,0,0,0,0,0,20,2,17,9,14,1,7,3,0,4,0,23,0,0,3,0,7,47,4,3,26,0,7,0,6,9,6,1,0,0,1,1,2,0
08/06/2014 12:05,181977256,0,0,0,1,1,0,1,21,3,25,3,4,3,0,3,6,6,7,1,8,0,2,9,0,1,9,13,4,1,0,24,9,5,2,2,5,0,0,0
08/06/2014 12:06,206351089,0,0,0,5,0,5,9,13,14,25,8,0,1,0,2,11,9,0,1,14,9,6,4,0,0,11,4,11,2,8,20,5,0,7,0,0,1,0,0
08/06/2014 12:07,178026924,0,0,0,0,12,4,11,12,0,14,2,2,0,0,4,1,10,0,8,0,2,0,1,0,4,15,6,2,6,1,23,16,0,0,1,7,2,0,0
08/06/2014 12:08,188813400,0,0,0,0,6,11,1,25,0,28,10,0,0,0,0,4,5,4,12,3,0,0,3,6,4,10,5,5,2,0,11,0,7,8,4,0,11,0,0
08/06/2014 12:09,140587437,0,0,0,0,1,3,1,9,3,5,14,0,0,0,3,2,10,5,4,11,1,0,3,1,2,6,0,7,4,4,13,10,7,0,2,5,0,0,0
08/06/2014 12:10,185564469,0,0,0,3,2,22,0,6,2,12,7,1,1,0,9,0,10,4,4,0,0,0,15,4,0,13,12,17,6,0,1,17,3,0,0,0,0,0,0
08/06/2014 12:11,197124535,0,0,5,0,0,2,6,16,2,16,1,1,3,0,0,0,15,0,0,7,0,0,2,4,5,18,24,0,5,1,10,0,0,4,17,0,9,0,0
08/06/2014 12:12,168734479,0,0,0,0,0,0,4,13,0,12,2,0,0,0,2,0,7,4,4,0,7,6,10,0,7,7,0,17,5,9,11,7,2,0,6,7,7,0,0
08/06/2014 12:13,169515870,0,0,0,0,0,16,5,8,0,9,15,0,2,0,5,5,22,1,3,10,1,3,2,0,0,10,0,0,5,1,15,0,0,5,8,0,6,0,0
08/06/2014 12:14,195391961,0,2,4,0,5,7,1,15,3,39,1,11,0,0,4,1,4,2,5,4,4,0,4,11,5,17,0,7,0,0,11,4,4,7,3,1,0,0,0
08/06/2014 12:15,155223166,0,0,0,0,1,0,1,6,0,17,0,2,7,0,0,9,17,1,0,1,1,1,3,1,1,8,17,0,12,11,10,6,0,5,4,0,4,0,0
08/06/2014 12:16,131075812,0,0,0,0,0,5,0,7,5,11,0,6,0,0,0,2,16,3,1,2,2,8,4,1,0,8,14,11,9,5,2,4,1,0,3,0,3,0,0
08/06/2014 12:17,162398204,0,0,0,0,6,11,1,15,2,12,3,4,0,0,5,7,11,2,0,11,0,2,9,0,1,20,5,0,0,0,11,1,3,7,5,0,2,0,0
08/06/2014 12:18,168269278,0,0,0,0,3,14,1,11,0,10,0,9,0,0,1,2,3,1,11,0,0,2,3,0,0,14,0,4,5,3,20,11,14,0,7,0,1,0,0
08/06/2014 12:19,191511623,0,0,0,14,2,0,5,28,3,4,2,0,2,0,8,0,4,7,8,1,0,3,6,0,2,24,0,6,0,0,16,10,3,1,5,1,3,0,0
08/06/2014 12:20,219297779,0,0,0,7,1,18,2,13,10,12,10,4,0,0,3,4,7,0,1,1,8,3,14,0,1,15,16,12,8,3,5,10,0,6,0,2,4,0,0
08/06/2014 12:21,212005506,0,0,4,2,0,0,2,8,0,8,4,1,0,0,5,3,50,0,4,0,1,4,6,4,5,4,12,0,2,1,15,7,21,3,0,3,11,0,0
08/06/2014 12:22,186649072,0,0,5,0,49,0,0,8,2,11,7,0,0,0,0,0,12,3,0,2,2,4,3,1,0,21,8,1,10,1,5,8,3,6,3,2,1,0,0
08/06/2014 12:23,203146929,0,0,6,2,0,1,12,14,6,12,3,1,0,0,14,0,20,2,0,0,3,4,0,5,5,26,0,5,0,0,24,7,3,2,1,3,4,0,0
08/06/2014 12:24,158794409,0,0,0,2,1,5,5,16,1,23,0,4,4,0,0,6,5,9,7,7,5,6,7,0,1,2,0,14,0,7,18,3,0,5,0,0,0,0,0
08/06/2014 12:25,207683444,0,0,0,19,1,10,3,28,1,12,0,4,5,0,1,0,17,1,0,3,0,6,2,2,3,9,11,5,11,4,25,17,0,0,0,1,0,1,0
08/06/2014 12:26,180219595,0,0,0,7,1,10,2,0,0,16,12,0,6,0,0,2,8,6,4,0,5,11,9,10,0,2,8,8,3,5,10,7,3,2,0,7,4,0,0
08/06/2014 12:27,203116713,0,0,4,0,0,17,1,19,3,4,0,6,0,0,3,1,6,1,1,0,35,7,4,2,1,22,8,0,0,0,24,0,1,1,11,7,1,0,0
08/06/2014 12:28,191843805,0,0,0,0,0,8,5,5,0,21,6,0,5,0,0,0,8,4,1,0,10,2,12,9,3,28,9,12,0,4,5,5,1,0,14,0,8,3,0
08/06/2014 12:29,102446145,0,3,0,5,1,0,4,10,0,7,0,0,0,0,3,0,17,3,0,2,4,1,0,0,8,15,0,0,0,0,3,6,0,4,0,2,0,0,0
08/06/2014 12:30,172565266,0,0,0,0,0,13,10,6,0,8,0,14,3,0,0,7,11,1,0,1,5,0,0,0,2,19,8,15,5,4,10,16,0,3,3,2,3,0,0
08/06/2014 12:31,159391030,0,5,0,0,2,3,5,12,0,11,3,6,6,0,0,1,0,2,0,7,5,0,5,4,0,11,13,0,4,1,9,4,3,12,0,6,0,0,0
08/06/2014 12:32,260790073,0,0,0,3,38,11,1,7,6,7,6,0,0,0,1,5,25,2,4,6,0,2,15,1,7,52,8,14,0,6,9,0,4,5,4,1,3,0,0
08/06/2014 12:33,184794251,0,0,0,5,0,6,3,14,3,19,2,2,0,0,1,5,10,0,17,4,4,2,8,0,0,5,7,0,11,0,15,14,2,1,10,0,4,0,0
08/06/2014 12:34,147456942,0,0,0,3,0,7,0,7,3,16,4,0,11,0,3,1,4,11,0,1,3,6,0,0,0,5,0,11,0,4,18,1,0,1,1,0,9,0,0
08/06/2014 12:35,223023224,0,0,0,0,6,6,8,10,0,45,6,2,5,0,20,1,9,3,6,0,16,0,1,0,7,6,22,0,0,0,11,2,0,3,2,2,12,0,0
08/06/2014 12:36,204615582,0,0,0,0,1,3,4,13,0,16,6,9,0,0,0,0,59,0,2,0,1,2,0,0,5,21,5,9,10,4,7,4,1,3,8,0,9,0,0
08/06/2014 12:37,191287491,0,0,0,5,37,15,2,15,0,28,0,0,1,0,0,0,9,3,2,2,7,2,3,9,0,7,11,0,0,3,1,10,2,0,6,10,0,0,0
08/06/2014 12:38,163409723,0,0,0,8,0,8,6,5,0,17,0,0,1,0,0,0,29,2,4,1,0,0,13,2,1,14,0,13,1,5,9,15,1,0,0,1,4,0,0
08/06/2014 12:39,80542615,0,0,0,3,0,0,1,9,0,5,1,0,3,0,3,3,10,2,0,3,4,1,5,4,5,3,0,0,0,0,2,2,0,7,1,0,2,0,0
08/06/2014 12:40,256811879,0,0,0,3,0,44,8,13,6,8,5,7,0,0,8,5,9,17,2,10,2,0,4,3,12,9,11,4,2,3,16,10,1,0,2,8,3,0,0
08/06/2014 12:41,167039017,0,0,0,2,0,0,1,23,5,8,9,0,2,0,5,3,5,9,0,0,0,1,8,8,0,24,20,9,6,7,1,3,0,2,0,3,0,0,0
08/06/2014 12:42,155265185,0,0,0,1,6,0,7,10,1,15,0,1,0,0,4,0,11,5,3,2,7,2,8,0,2,7,5,10,9,0,9,7,2,0,4,4,3,0,0
08/06/2014 12:43,163150717,0,0,3,0,5,1,11,17,1,11,1,1,4,0,3,0,12,6,0,15,7,0,2,2,4,4,0,0,6,0,10,11,1,2,4,0,0,1,0
08/06/2014 12:44,138831182,0,0,0,0,2,0,2,7,0,7,0,1,0,0,5,2,18,3,2,7,6,0,5,2,0,1,0,7,5,0,27,10,3,12,10,0,0,0,0
08/06/2014 12:45,223685875,0,0,0,4,9,0,0,6,0,23,6,1,0,0,5,4,53,0,3,7,8,2,12,9,5,7,11,5,3,0,3,8,6,4,4,9,0,2,0
08/06/2014 12:46,167730181,0,0,0,3,4,5,3,18,8,7,0,7,4,0,2,0,21,7,0,7,3,7,5,0,0,3,6,8,0,2,5,0,6,4,0,0,4,0,0
08/06/2014 12:47,140771900,0,0,0,0,0,16,0,7,0,9,1,0,4,0,4,0,15,0,0,3,0,0,6,3,8,16,1,5,0,0,12,11,0,8,4,0,0,2,0
08/06/2014 12:48,146725316,0,0,0,0,2,4,1,11,0,8,2,0,0,0,8,6,14,0,0,2,1,3,0,3,5,13,5,0,0,10,21,3,0,6,1,0,3,4,0
08/06/2014 12:49,237309641,0,6,0,0,0,0,8,12,0,47,9,0,3,0,6,0,7,5,2,0,3,3,4,1,2,0,12,10,0,6,49,14,1,1,6,1,12,0,0
08/06/2014 12:50,212606900,0,0,4,1,0,16,6,6,5,9,0,1,0,0,1,0,4,2,49,7,0,0,13,2,14,16,7,1,1,0,9,5,6,0,0,0,7,3,0
08/06/2014 12:51,175574370,0,0,0,1,4,5,0,22,7,11,1,4,6,0,5,0,4,1,10,7,1,0,4,1,5,18,13,2,8,0,15,6,1,3,6,0,1,0,0
08/06/2014 12:52,155875335,0,0,0,0,1,3,5,5,1,6,3,5,2,0,0,5,10,0,0,1,1,1,14,5,3,1,15,9,0,0,18,7,7,2,3,0,6,4,0
08/06/2014 12:53,209758886,0,0,0,2,0,12,2,15,6,27,0,4,0,0,7,3,1,9,5,6,9,0,17,2,1,14,0,16,1,0,14,0,5,8,0,1,6,0,0
08/06/2014 12:54,129508822,0,0,0,1,0,11,3,9,9,21,3,1,0,0,0,4,3,4,0,0,2,8,7,6,0,10,0,0,3,2,6,9,0,0,0,0,9,0,0
08/06/2014 12:55,217800982,5,0,4,4,0,0,0,20,3,18,4,7,0,0,0,0,5,0,1,9,7,2,12,4,0,13,7,0,5,3,11,8,42,0,4,3,0,0,0
08/06/2014 12:56,182256277,0,0,0,11,0,9,10,10,0,2,8,0,0,0,0,12,8,9,0,1,4,2,2,2,4,3,14,14,9,2,9,5,3,5,3,3,6,3,0
08/06/2014 12:57,171563873,0,0,0,7,2,9,2,8,3,5,1,0,3,0,15,0,14,2,0,0,6,11,4,0,0,11,20,5,11,0,10,9,2,0,0,0,0,0,0
08/06/2014 12:58,214821469,0,0,0,8,0,7,9,15,4,12,4,0,0,0,1,0,17,5,7,5,0,3,3,2,3,60,0,12,2,4,5,4,1,0,5,4,3,0,0
08/06/2014 12:59,132647933,0,0,0,1,0,0,5,10,6,13,0,20,3,0,3,5,0,0,2,4,0,1,4,3,2,14,0,1,3,2,10,4,7,0,1,0,0,0,0
08/06/2014 13:00,188163376,0,0,0,0,0,13,2,5,0,16,0,0,7,0,5,0,19,4,8,6,0,0,4,0,4,14,15,7,0,0,18,22,0,8,1,0,0,0,0
08/06/2014 13:01,124128038,0,0,0,0,4,13,1,7,1,2,0,4,0,0,5,0,6,3,2,3,2,2,5,0,0,13,10,11,5,2,4,3,0,0,0,1,7,0,0
08/06/2014 13:02,191884942,6,0,0,4,0,0,0,19,1,3,11,0,1,0,2,0,23,0,0,3,0,0,2,34,12,16,8,8,0,5,18,0,7,0,2,0,3,0,0
08/06/2014 13:03,180030870,0,0,0,0,0,12,8,1,0,10,10,5,0,0,5,0,12,0,1,2,0,0,11,0,4,14,0,0,0,8,13,40,1,3,4,0,1,0,0
08/06/2014 13:04,135442960,0,0,0,4,0,2,14,18,0,5,14,0,1,0,0,3,14,0,8,0,6,2,2,0,1,5,0,6,0,0,22,0,1,4,3,0,1,0,0
08/06/2014 13:05,272462383,0,0,0,8,1,5,5,8,0,20,0,3,3,0,5,1,11,3,3,2,23,3,9,0,3,17,12,5,7,2,22,0,1,50,0,4,3,0,0
08/06/2014 13:06,219250878,0,0,0,6,2,12,4,18,3,4,7,4,3,0,1,0,12,5,5,0,9,3,3,1,0,20,6,12,7,0,20,0,1,1,10,2,13,0,0
08/06/2014 13:07,158487405,0,0,0,0,0,13,3,7,0,7,5,0,4,0,4,5,6,13,0,4,2,0,17,13,4,2,15,0,0,3,5,0,0,7,0,0,8,1,0
08/06/2014 13:08,188907412,0,0,0,0,0,4,5,16,0,16,2,1,8,0,1,4,17,1,0,10,1,0,13,0,2,1,1,10,3,13,20,6,4,3,4,1,2,0,0
08/06/2014 13:09,115274001,3,0,0,2,3,0,5,22,5,12,0,1,3,0,0,0,15,0,0,3,0,0,6,0,0,6,0,2,0,3,10,2,1,3,3,3,1,0,0
08/06/2014 13:10,199227897,0,0,0,8,1,17,6,3,3,10,42,7,0,0,1,0,6,2,4,3,0,2,1,10,9,11,6,13,7,0,4,1,4,2,7,2,8,0,0
08/06/2014 13:11,215577122,0,0,0,1,2,4,3,16,5,7,2,3,6,0,1,5,11,4,7,0,14,15,7,0,0,8,15,0,0,0,7,4,34,8,6,1,5,0,0
08/06/2014 13:12,189285036,0,0,0,0,1,0,5,12,7,2,0,18,1,0,4,0,14,3,14,0,0,2,7,3,0,15,6,10,3,3,21,12,4,10,1,3,0,4,0
08/06/2014 13:13,138689258,0,0,0,2,0,4,7,5,0,4,3,0,1,0,7,1,3,0,17,0,2,0,8,4,0,13,8,0,6,0,21,10,0,5,0,4,1,0,0
08/06/2014 13:23,162514234,0,0,7,0,2,14,4,7,1,8,0,1,0,0,6,0,11,0,8,0,11,0,7,3,0,14,13,0,5,1,19,4,0,1,4,3,6,0,0
08/06/2014 13:24,126483749,0,0,0,0,0,11,3,9,0,19,6,0,0,0,6,4,6,2,0,7,1,7,1,0,0,14,0,10,0,0,4,0,5,0,0,0,0,0,0
08/06/2014 13:25,160624838,0,0,0,0,0,1,4,14,2,5,11,4,8,0,5,9,11,4,0,0,1,0,0,1,10,9,3,0,0,2,17,18,0,4,4,4,4,0,0
08/06/2014 13:26,215200780,0,0,0,0,0,6,1,17,1,21,5,0,1,0,10,2,14,0,6,2,3,0,5,2,4,21,44,15,4,1,10,3,0,9,0,4,8,0,0
08/06/2014 13:27,204923737,0,0,0,0,6,2,2,27,0,4,1,3,1,0,4,5,62,0,0,0,3,2,9,11,1,14,0,0,4,1,11,5,5,1,4,0,8,0,0
08/06/2014 13:28,115458267,3,0,0,0,0,7,0,5,0,7,0,0,0,0,5,4,2,3,5,6,0,0,8,1,0,15,0,11,1,0,8,7,0,1,0,0,5,0,0
08/06/2014 13:29,237529915,2,0,0,4,0,12,1,5,5,37,1,0,0,0,6,1,10,3,15,40,7,0,5,0,3,1,0,0,5,1,22,13,2,7,1,0,6,5,0
08/06/2014 13:30,171362513,0,0,0,2,0,11,0,17,0,22,0,0,0,0,0,0,16,0,1,1,15,0,13,0,0,0,7,10,0,0,24,2,4,3,16,1,0,0,0
08/06/2014 13:31,190945728,6,0,0,7,0,10,14,14,3,15,3,0,0,0,7,0,4,0,8,0,5,0,5,7,4,12,7,0,9,0,14,4,11,0,9,0,0,0,0
08/06/2014 13:32,155490696,0,0,0,0,1,0,0,0,0,8,1,6,9,0,2,0,12,0,1,7,4,0,18,5,4,13,5,10,2,3,14,11,0,3,1,6,4,1,0
08/06/2014 13:33,164995539,0,0,0,8,7,3,2,16,8,8,2,5,0,0,0,7,7,3,7,1,3,11,2,0,0,5,0,2,8,2,6,8,2,8,7,0,1,0,0
08/06/2014 13:34,130818504,0,0,0,2,2,5,0,7,2,13,5,3,0,0,3,6,12,8,3,4,3,0,9,0,2,8,0,4,1,3,2,9,2,3,1,0,0,0,0
08/06/2014 13:35,158593551,0,0,0,6,5,7,4,7,7,5,6,1,0,0,2,4,14,1,3,2,0,7,2,0,0,14,23,4,0,3,6,0,0,0,1,0,2,0,0
08/06/2014 13:36,201308231,0,0,0,7,13,8,2,49,0,1,0,0,0,0,0,1,10,5,6,0,11,0,0,10,0,5,20,3,3,2,3,21,3,1,4,0,7,0,0
08/06/2014 13:37,158442039,0,0,0,0,0,13,0,17,0,5,4,0,6,0,8,1,12,1,0,1,0,6,9,2,0,16,0,13,0,8,5,0,0,10,9,0,0,0,0
08/06/2014 13:38,176224601,0,0,0,3,0,10,5,10,1,9,0,3,0,0,14,7,10,7,1,1,3,0,8,5,6,18,0,4,0,8,18,5,3,3,4,0,1,0,0
08/06/2014 13:39,169158163,0,0,0,1,0,3,8,7,0,11,1,7,2,0,2,1,9,0,2,0,3,9,15,7,4,14,0,8,1,5,17,16,2,0,0,4,3,0,0
08/06/2014 13:40,197384480,0,0,0,5,3,18,2,14,0,2,1,9,4,0,3,3,5,5,7,15,0,6,19,6,3,14,10,18,0,0,2,5,1,3,0,5,3,0,0
08/06/2014 13:41,143953307,3,0,0,0,0,10,4,10,3,26,0,8,0,0,2,4,17,7,2,0,3,0,2,0,1,6,8,0,0,0,4,7,4,0,0,0,3,0,0
08/06/2014 13:42,107871590,0,0,0,3,0,0,5,10,0,14,3,3,1,0,1,0,2,5,5,0,2,0,0,2,1,20,6,6,0,0,5,0,1,0,0,3,0,0,0
08/06/2014 13:43,155936197,0,0,0,1,10,6,0,12,0,12,2,3,0,0,1,2,9,22,0,0,1,4,4,1,7,10,1,0,9,9,4,11,0,7,0,0,1,0,0
08/06/2014 13:44,194114543,0,0,0,8,0,13,0,21,2,2,5,0,0,0,2,0,35,11,1,6,12,2,0,6,1,11,0,8,3,7,5,0,8,7,8,0,3,0,0
08/06/2014 13:45,281185922,0,0,0,2,0,0,1,36,5,27,4,4,0,0,0,1,15,12,2,4,0,9,6,0,1,14,18,3,7,15,9,48,1,6,9,0,0,0,0
08/06/2014 13:46,164156108,0,0,0,0,9,1,3,7,1,19,0,0,1,0,1,3,11,0,0,11,0,0,9,8,0,16,11,15,0,2,8,0,12,7,2,3,4,0,0
08/06/2014 13:47,194525347,0,0,0,0,0,9,6,11,5,8,9,0,9,0,6,0,11,4,3,5,1,2,2,4,9,18,10,0,0,2,29,0,0,3,1,0,7,0,0
08/06/2014 13:48,166533961,0,0,0,4,4,19,4,5,0,4,1,2,8,0,8,3,6,0,2,7,0,0,6,4,2,23,0,4,1,0,19,0,0,10,3,0,1,0,0
08/06/2014 13:49,158154887,0,0,0,8,0,0,8,8,0,24,5,0,3,0,2,0,14,0,5,9,0,5,5,2,7,10,0,3,16,4,3,0,0,5,3,0,5,0,0
08/06/2014 13:50,227052671,0,0,0,0,8,12,9,22,7,12,9,2,5,0,4,3,8,3,0,3,0,3,1,3,1,53,8,15,0,0,19,0,0,1,4,4,0,0,0
08/06/2014 13:51,124673101,0,0,0,2,3,7,5,11,0,3,5,4,3,0,1,2,10,0,0,6,1,0,5,0,0,15,15,0,4,0,7,0,3,3,0,0,3,0,0
08/06/2014 13:52,141501198,3,0,0,0,4,0,3,11,0,13,2,0,1,0,5,0,20,5,4,1,2,0,0,7,1,15,3,4,2,0,1,13,0,0,1,9,7,0,0
08/06/2014 13:53,153670292,0,0,0,2,0,5,8,6,4,14,7,1,4,0,4,0,5,3,0,1,0,4,1,0,1,17,7,8,2,0,18,7,4,0,3,1,0,0,0
08/06/2014 13:54,215369076,0,0,0,0,8,3,3,44,0,10,0,1,0,0,10,2,4,9,1,1,14,4,7,1,1,15,0,6,35,0,8,0,6,10,0,0,0,0,0
08/06/2014 13:55,290989944,0,0,0,4,0,15,7,23,3,11,5,6,0,0,1,0,40,6,0,5,13,0,4,3,0,11,15,9,0,0,22,3,8,4,38,14,1,0,0
08/06/2014 13:56,146097924,0,0,0,0,1,5,9,9,0,10,0,0,0,0,10,0,6,2,0,3,0,1,10,0,0,13,12,17,4,3,8,8,2,0,4,0,0,3,0
08/06/2014 13:57,249718286,0,0,0,0,6,10,0,13,14,20,4,0,16,0,4,0,18,0,0,2,3,0,6,6,0,19,51,0,0,0,12,17,1,1,3,2,0,0,0
08/06/2014 13:58,155848351,0,0,0,0,1,6,0,7,6,8,5,3,1,0,5,0,30,0,5,8,2,3,14,0,4,7,0,4,4,4,16,0,4,0,0,0,1,0,0
08/06/2014 13:59,131710267,0,0,0,6,0,5,4,7,5,11,2,13,8,0,0,2,1,0,0,0,3,0,5,4,2,2,0,0,2,1,22,4,0,3,2,0,4,0,0
08/06/2014 14:00,110231806,0,0,0,1,0,15,0,1,0,5,0,2,3,0,0,0,7,2,4,8,1,0,9,4,2,1,0,12,2,1,9,12,1,3,5,0,2,0,0
08/06/2014 14:01,125001361,0,0,0,1,2,8,1,3,0,0,5,3,3,0,0,10,2,0,0,1,10,5,8,0,3,10,0,0,1,0,14,4,6,5,6,3,0,0,0
08/06/2014 14:02,174607585,0,0,0,0,5,0,0,8,2,11,6,6,0,0,6,10,5,5,0,5,3,13,0,0,0,4,0,13,5,4,19,15,1,1,7,1,6,0,0
08/06/2014 14:03,137086484,0,0,0,0,1,6,2,3,9,25,9,4,0,0,0,6,8,0,0,4,0,0,1,0,12,7,0,0,2,4,0,0,6,2,9,5,1,0,0
08/06/2014 14:04,181066312,0,0,0,0,2,13,3,25,2,5,4,0,0,0,2,3,11,5,0,8,1,8,9,7,4,13,0,15,2,5,10,15,0,1,5,0,3,0,0
08/06/2014 14:05,224908131,0,0,0,1,2,5,5,59,43,9,8,0,0,0,0,0,20,3,2,6,0,2,3,0,0,13,1,0,20,0,7,0,1,4,9,2,6,0,0
08/06/2014 14:06,235193849,4,0,0,4,2,5,3,10,6,3,0,1,0,0,0,2,18,0,34,6,4,0,1,1,3,5,17,8,3,38,9,3,0,0,9,15,7,0,0
08/06/2014 14:07,163448388,6,0,0,1,0,6,0,15,1,6,11,8,2,0,1,0,16,1,6,4,2,0,6,0,6,15,14,0,0,4,20,10,0,0,0,1,1,0,0
08/06/2014 14:08,206716186,0,0,0,0,2,7,0,8,6,16,0,0,0,0,0,2,11,0,1,2,0,1,16,1,12,26,0,16,0,0,12,7,5,0,0,4,39,0,0
08/06/2014 14:09,157152387,4,0,0,3,1,12,4,18,0,5,5,1,0,0,0,0,15,8,4,1,8,4,6,1,4,6,0,0,9,11,4,13,4,1,4,0,2,0,0
08/06/2014 14:10,159900687,0,0,0,1,13,3,2,0,1,21,8,0,0,0,0,0,14,9,0,0,0,4,12,0,2,4,7,8,12,3,9,0,1,1,1,1,4,0,0
08/06/2014 14:11,145603477,7,0,0,4,6,10,1,14,0,16,4,0,3,0,0,0,8,2,3,3,4,4,3,2,0,1,5,0,0,3,9,3,3,1,3,1,7,0,0
08/06/2014 14:12,160536443,0,0,0,0,1,2,0,8,6,15,5,3,0,0,0,8,2,8,2,0,1,0,8,3,4,21,12,1,6,2,4,11,3,7,1,0,8,0,0
08/06/2014 14:13,174283986,0,0,0,0,3,14,3,10,5,2,3,0,0,0,0,0,23,4,0,7,2,5,14,0,0,7,12,7,3,6,7,4,11,8,0,3,0,0,0
08/06/2014 14:14,203751961,0,0,0,9,0,40,4,19,1,17,9,0,0,0,0,0,22,0,1,4,0,3,1,3,6,14,0,7,1,0,8,8,0,10,0,3,3,0,0
08/06/2014 14:15,176881215,0,0,0,4,0,0,5,13,0,26,5,1,0,0,0,0,16,5,10,0,3,2,1,8,7,1,8,9,2,5,16,10,1,2,0,0,0,0,0
08/06/2014 14:16,164259842,0,0,0,0,0,0,9,10,4,15,3,3,0,0,1,5,25,0,0,0,0,4,8,0,0,3,6,12,0,5,6,2,8,8,3,0,5,0,0
08/06/2014 14:17,138305977,0,0,0,1,1,0,5,14,0,12,4,2,7,0,0,0,14,5,0,2,0,3,5,9,0,15,4,0,7,0,9,7,6,1,3,1,1,0,0
08/06/2014 14:18,120866450,0,0,0,4,0,0,2,14,0,1,0,0,2,0,4,10,14,0,0,4,5,0,7,3,0,3,4,18,0,1,1,7,4,0,8,5,4,0,0
08/06/2014 14:19,132509957,0,0,0,2,2,0,0,18,2,2,0,10,3,0,1,1,4,5,0,0,4,0,2,7,0,9,13,0,5,6,19,10,0,0,2,0,0,0,0
08/06/2014 14:20,179601136,2,0,0,0,0,18,3,11,2,12,0,0,0,0,0,1,22,12,0,9,1,5,3,0,3,23,9,4,0,3,12,3,0,1,1,1,8,0,0
08/06/2014 14:21,177666338,0,0,0,1,11,5,4,2,7,5,0,0,0,0,3,1,12,0,1,8,4,0,0,0,0,28,11,3,8,2,25,20,2,1,0,5,0,2,0
08/06/2014 14:22,167797325,0,0,0,2,0,0,1,17,0,17,11,0,0,0,3,3,16,0,0,1,6,3,6,0,6,19,7,14,8,6,3,0,0,2,3,1,1,0,0
08/06/2014 14:23,181825657,0,0,0,0,0,4,2,20,0,6,0,1,1,0,4,2,25,0,0,0,0,1,9,4,8,10,8,0,0,7,12,5,4,8,5,9,12,0,0
08/06/2014 14:24,177251471,0,0,0,0,0,10,4,14,0,23,10,0,1,0,3,1,6,8,0,2,6,0,5,0,4,17,0,10,0,0,2,12,4,7,0,10,6,0,0
08/06/2014 14:25,136796721,0,0,0,0,0,4,1,1,4,17,0,4,0,0,6,1,14,8,1,2,3,0,6,1,0,14,8,0,0,1,20,7,4,0,3,0,2,0,0
08/06/2014 14:26,258165140,0,0,0,0,2,14,10,8,5,18,1,2,3,0,1,0,1,5,0,0,5,5,24,2,10,7,26,10,7,6,44,0,0,0,12,11,2,4,0
08/06/2014 14:27,99170284,0,0,0,0,0,15,4,14,3,1,1,0,0,0,3,6,1,0,0,9,3,0,1,2,6,2,1,1,1,3,3,8,1,2,4,1,0,0,0
08/06/2014 14:28,123861947,0,0,0,0,1,0,6,3,0,9,12,0,2,0,4,0,15,3,1,0,0,0,0,0,0,4,4,8,3,0,7,5,0,8,2,10,8,0,0
08/06/2014 14:29,261557863,0,0,0,5,0,0,8,25,3,4,20,3,0,0,5,0,9,4,1,7,4,0,9,17,4,6,0,4,2,39,44,4,2,0,4,0,3,0,0
08/06/2014 14:30,169929791,0,0,0,5,0,6,0,6,10,14,17,1,0,0,0,2,22,8,0,3,2,3,14,9,0,11,6,11,0,1,0,7,4,3,1,1,0,0,0
08/06/2014 14:31,155904329,0,0,0,0,4,9,3,17,0,25,0,5,0,0,5,0,16,3,0,5,0,0,7,3,0,5,15,0,0,0,4,7,7,1,0,0,2,0,0
08/06/2014 14:32,179927673,0,0,0,27,0,4,7,16,0,18,0,2,1,0,0,0,27,0,1,0,0,1,0,2,4,5,4,10,2,6,10,16,0,1,12,1,11,0,0
08/06/2014 14:33,207860138,0,0,0,0,0,2,0,21,44,10,9,8,4,0,5,1,4,2,0,3,8,7,0,10,6,7,9,4,6,1,8,0,0,0,1,11,2,0,0
08/06/2014 14:34,154522170,0,0,0,2,1,7,3,26,0,6,11,3,3,0,0,1,10,2,6,1,12,0,0,8,1,24,0,7,3,0,7,2,2,0,1,9,0,0,0
08/06/2014 14:35,154592860,0,0,0,3,1,19,1,0,0,9,1,0,3,0,1,0,12,0,0,6,4,1,1,2,3,9,16,7,4,10,8,14,0,0,0,0,0,0,0
08/06/2014 14:36,196878747,5,0,0,1,5,16,3,17,0,17,0,5,2,0,11,0,7,3,0,3,10,0,0,0,0,16,7,5,0,0,13,14,3,1,4,1,10,0,0
08/06/2014 14:37,158257031,0,0,0,3,0,11,11,8,0,5,3,0,6,0,0,0,9,3,0,1,3,0,12,0,0,6,11,12,0,2,23,0,8,0,2,0,4,0,0
08/06/2014 14:38,106972843,0,0,0,8,0,0,4,11,6,25,0,3,3,0,1,5,5,1,4,1,10,0,1,3,0,3,0,4,0,0,7,3,1,3,0,0,0,0,0
08/06/2014 14:39,104898041,0,0,0,0,1,0,3,8,0,18,0,2,1,0,2,4,5,8,0,2,6,0,3,0,0,2,2,0,1,4,5,5,4,13,0,0,0,0,0
08/06/2014 14:40,138958537,0,0,0,2,0,1,0,9,6,12,0,1,1,0,4,1,1,6,0,0,9,0,2,0,4,10,18,9,8,2,5,2,0,4,4,5,12,0,0
08/06/2014 14:41,134849580,0,0,0,1,9,5,11,6,4,8,3,0,3,0,3,0,5,5,0,0,1,0,4,1,0,13,5,5,8,0,21,9,0,0,2,0,0,0,0
08/06/2014 14:42,142888862,0,0,0,0,0,4,0,12,3,5,0,0,3,0,0,0,7,1,0,1,2,2,8,7,11,8,6,11,5,0,10,13,1,2,0,5,5,0,0
08/06/2014 14:43,130659349,0,0,0,0,16,7,1,13,7,5,0,3,0,0,6,1,1,2,0,1,0,0,2,0,0,13,14,0,1,2,5,11,3,4,1,1,4,0,0
08/06/2014 14:44,175660211,0,0,0,3,4,9,0,11,3,14,5,0,3,0,3,0,15,4,14,0,9,0,2,1,3,8,0,12,0,0,18,15,0,0,1,1,3,0,0
08/06/2014 14:45,137831864,0,0,0,10,0,4,0,10,0,46,1,3,1,0,6,4,15,2,0,6,1,0,1,0,10,4,9,0,7,1,6,0,1,0,0,3,0,0,0
08/06/2014 14:46,197529596,0,0,0,3,0,20,4,25,0,8,3,1,7,0,18,3,23,0,0,3,3,0,21,2,0,4,8,14,2,0,4,8,0,0,2,0,1,3,0
08/06/2014 14:47,128795477,0,0,0,1,3,8,1,17,1,5,12,5,3,0,11,4,5,0,0,1,0,2,6,0,0,6,7,0,0,0,8,0,0,0,12,0,1,1,0
08/06/2014 14:48,151074916,0,0,0,0,0,13,3,5,0,13,5,0,0,0,1,1,7,0,3,7,1,0,0,16,0,18,9,11,0,6,14,7,1,2,1,0,4,0,0
08/06/2014 14:49,114337280,0,0,0,1,3,0,0,5,1,6,9,3,7,0,3,3,9,0,0,4,0,3,1,2,0,15,0,0,0,2,6,8,0,0,4,1,6,0,0
08/06/2014 14:50,244075225,0,0,0,8,4,5,1,7,3,8,3,0,1,0,3,5,12,7,0,3,5,0,16,0,1,23,23,12,0,4,12,10,5,0,41,4,1,0,0
08/06/2014 14:51,109936588,0,0,0,0,3,6,4,3,1,5,1,1,3,0,0,3,3,1,1,0,1,0,1,3,0,12,10,0,2,0,3,12,0,0,3,10,1,1,0
08/06/2014 14:52,190985497,0,0,0,0,6,15,0,4,9,14,0,3,0,0,5,3,14,1,0,3,14,5,1,0,0,13,0,8,0,34,7,0,0,5,9,7,1,4,0
08/06/2014 14:53,128762443,3,0,0,3,0,11,0,21,2,9,1,1,1,0,0,0,18,3,0,1,5,0,0,0,0,7,0,5,0,2,8,11,5,0,5,5,0,0,0
08/06/2014 14:54,134592899,0,0,0,1,2,6,12,1,0,5,5,0,1,0,4,0,7,0,1,18,4,4,2,0,4,7,0,6,13,0,15,0,1,2,0,10,1,0,0
08/06/2014 14:55,209327832,0,0,5,4,0,0,1,38,0,19,6,0,0,0,0,0,18,4,7,0,9,0,8,3,0,23,25,4,1,1,7,1,4,4,1,4,3,0,0
08/06/2014 14:56,207395273,0,0,0,5,0,9,1,17,7,12,3,3,1,0,7,1,13,0,0,7,0,1,15,7,0,17,13,15,0,0,28,6,0,4,7,5,0,0,0
08/06/2014 14:57,221287657,0,0,0,1,9,12,0,16,11,1,5,0,2,0,1,5,11,0,4,4,0,0,2,13,0,3,0,0,10,2,57,15,1,6,1,4,8,0,0
08/06/2014 14:58,214641624,0,0,0,0,2,5,4,2,1,6,7,0,5,0,8,10,21,0,4,1,3,2,8,0,44,6,0,11,3,0,17,8,9,2,0,1,4,0,0
08/06/2014 14:59,142908779,0,0,0,0,0,4,4,11,0,13,0,1,3,0,4,0,18,5,0,0,1,0,8,13,7,7,0,0,0,2,11,5,8,3,1,9,0,0,0
08/06/2014 15:00,161887884,0,0,0,3,1,9,13,13,5,9,3,1,1,0,6,1,9,1,0,6,0,5,6,4,1,10,11,10,0,0,5,9,5,4,1,3,5,0,0
08/06/2014 15:01,175726821,0,0,0,3,0,12,0,21,5,4,1,4,5,0,6,0,23,2,9,6,9,2,0,1,3,14,5,0,3,2,18,5,4,0,0,1,0,2,0
08/06/2014 15:02,160904036,0,0,0,9,0,0,6,5,3,7,8,0,0,0,3,3,6,7,1,10,7,4,0,0,6,2,6,13,3,4,3,35,1,1,0,0,9,0,0
08/06/2014 15:03,140187543,0,4,0,0,5,9,4,5,0,14,2,14,3,0,2,0,5,3,0,2,5,0,4,4,0,13,9,0,0,1,0,0,1,4,0,0,4,0,0
08/06/2014 15:04,147848581,0,0,0,5,5,3,2,12,0,6,0,6,1,0,3,1,5,3,9,4,5,9,5,4,0,5,3,17,8,0,7,0,0,4,5,0,2,0,0
08/06/2014 15:05,213909149,0,0,4,2,6,15,3,47,0,9,6,2,0,0,3,7,11,0,0,1,0,5,2,6,6,2,10,0,0,2,12,0,2,13,4,12,0,0,0
08/06/2014 15:06,122493070,0,0,0,14,0,5,8,1,0,7,2,0,0,0,1,2,1,10,0,0,0,0,4,0,3,9,15,5,0,9,12,0,0,3,0,0,8,0,0
08/06/2014 15:07,227453903,0,0,0,1,0,23,0,8,0,11,6,3,1,0,0,1,9,4,2,36,2,0,6,7,3,16,9,0,5,1,19,4,7,12,0,3,8,0,0
08/06/2014 15:08,142612096,0,0,0,0,0,0,0,18,3,13,9,0,0,0,0,0,12,3,4,3,2,0,0,8,5,8,0,4,1,0,10,14,8,4,0,1,2,0,0
08/06/2014 15:09,152015464,0,0,0,0,0,0,6,7,3,5,9,4,1,0,8,0,7,3,0,8,3,0,3,0,1,9,0,8,5,11,18,7,1,2,0,5,2,0,0
08/06/2014 15:10,165346852,0,3,6,1,0,13,1,9,0,20,0,1,10,0,3,0,6,4,0,5,0,7,5,0,1,14,21,6,8,0,3,10,0,0,5,0,5,0,0
08/06/2014 15:11,134369845,0,0,0,4,4,6,1,7,0,10,2,2,3,0,2,0,11,3,4,3,0,4,9,7,2,3,3,7,0,3,12,0,0,0,0,0,14,0,0
08/06/2014 15:12,163600347,0,2,0,1,1,0,4,13,2,17,2,0,7,0,9,0,17,6,0,1,3,4,8,5,0,4,7,14,12,5,9,10,0,1,0,1,0,0,0
08/06/2014 15:13,131012583,0,2,0,4,0,5,4,10,2,10,4,0,1,0,7,0,20,0,5,3,0,5,8,6,0,8,2,0,2,0,8,0,0,5,1,0,0,0,0
08/06/2014 15:14,157082759,0,0,0,6,0,21,0,3,0,9,0,3,4,0,4,3,6,4,5,1,0,0,1,1,0,6,3,14,0,0,15,16,0,3,8,11,5,0,0
08/06/2014 15:15,132326655,0,0,0,0,0,0,4,9,0,4,5,9,0,0,0,0,1,2,10,0,0,0,0,9,1,16,19,0,6,5,1,0,9,5,1,0,4,0,0
08/06/2014 15:16,141455274,0,0,3,3,0,1,4,16,4,9,0,3,0,0,1,5,27,0,2,5,1,0,9,1,0,20,2,7,0,0,4,3,2,0,2,2,1,0,0
08/06/2014 15:17,111127148,0,0,0,0,11,2,2,8,0,5,0,2,3,0,3,5,2,2,0,0,1,12,1,2,0,14,4,0,4,0,3,7,3,2,5,0,1,0,0
08/06/2014 15:18,193873283,0,5,0,10,1,9,0,15,5,31,8,5,0,0,1,0,15,0,0,0,2,6,4,0,4,3,10,3,4,0,13,10,0,0,8,0,2,0,0
08/06/2014 15:19,166696405,0,0,0,0,0,11,5,3,8,4,5,3,0,0,0,0,4,8,6,0,11,4,27,0,3,8,4,12,5,0,14,10,1,3,2,0,0,0,0
08/06/2014 15:20,169236222,0,0,0,1,0,21,9,1,0,27,0,0,0,0,8,0,12,3,0,5,0,0,8,5,2,4,4,11,7,1,8,5,0,11,3,3,0,0,0
08/06/2014 15:21,134606049,6,0,0,0,0,0,1,18,0,1,0,0,0,0,4,0,34,0,1,8,0,12,5,0,5,4,3,0,3,1,8,9,3,0,0,8,4,0,0
08/06/2014 15:22,182470273,0,0,6,5,5,0,0,10,6,25,9,5,14,0,1,6,7,0,0,1,6,4,6,6,2,5,10,12,1,0,5,3,2,6,3,0,8,0,0
08/06/2014 15:23,183509875,4,0,6,1,0,6,0,7,2,5,0,1,0,0,2,1,22,3,0,0,8,0,10,0,0,6,45,0,10,0,4,16,0,0,6,0,7,0,0
08/06/2014 15:24,179204311,0,14,0,0,0,17,1,23,0,6,5,3,1,0,0,0,7,0,2,0,15,3,11,6,1,15,2,2,1,0,7,0,1,14,8,0,3,0,0
08/06/2014 15:25,128588502,0,5,0,0,2,1,3,7,2,11,1,3,2,0,0,0,8,0,0,7,3,5,18,4,0,14,4,10,5,0,1,3,1,1,7,5,1,0,0
08/06/2014 15:26,187161370,0,0,0,0,6,9,7,27,0,10,0,0,2,0,0,9,19,0,2,4,2,1,5,5,1,10,7,9,1,0,13,4,0,5,4,0,6,0,0
08/06/2014 15:27,124045527,0,0,0,4,0,16,1,26,2,2,3,8,0,0,5,0,10,4,0,0,0,0,0,1,4,9,0,0,4,0,9,2,0,0,3,0,4,0,0
08/06/2014 15:28,116007323,0,6,0,0,0,0,4,0,0,8,7,4,1,0,0,0,5,5,0,4,1,0,4,14,2,7,0,15,1,0,11,3,1,1,0,3,0,0,0
08/06/2014 15:29,87267505,0,0,2,0,0,0,3,15,0,5,5,0,4,0,0,0,6,4,4,3,0,1,1,0,5,7,0,0,4,0,12,0,0,0,4,0,8,0,0
08/06/2014 15:30,213501206,0,0,0,3,1,11,3,5,0,15,0,4,0,0,1,11,11,0,2,4,12,1,6,3,0,26,30,3,15,4,6,15,0,2,4,0,0,0,0
08/06/2014 15:31,141266332,0,0,0,0,4,2,1,9,3,7,0,1,0,0,2,1,16,0,9,4,6,3,3,0,0,8,0,8,12,0,5,3,2,0,7,6,3,0,0
08/06/2014 15:32,145290616,0,9,0,0,0,10,0,19,0,8,6,1,2,0,1,6,1,0,1,0,0,0,5,10,0,18,0,5,0,6,13,10,0,1,0,0,1,0,0
08/06/2014 15:33,151698669,0,0,0,0,8,3,5,8,2,16,5,0,1,0,1,8,7,5,5,0,0,3,3,2,0,5,0,18,4,1,11,0,2,5,0,0,0,1,0
08/06/2014 15:34,224309555,0,4,0,0,0,9,10,31,19,52,0,1,1,0,10,3,13,1,1,0,0,4,7,3,3,5,0,0,4,1,10,13,2,4,4,2,1,0,0
08/06/2014 15:35,145444722,0,0,0,2,0,1,0,48,2,9,2,0,0,0,5,0,7,2,0,0,1,0,2,2,0,12,8,0,4,3,7,15,0,3,1,0,0,0,0
08/06/2014 15:36,170210586,0,0,3,1,0,8,0,4,0,5,9,0,2,0,4,1,1,5,4,7,5,2,8,13,3,7,21,11,9,2,8,11,4,3,1,0,1,0,0
08/06/2014 15:37,157777378,0,0,4,0,3,17,4,16,1,12,1,0,0,0,3,1,16,0,0,5,7,0,8,0,4,10,10,0,0,1,12,14,0,0,0,1,5,0,0
08/06/2014 15:38,130282161,0,0,0,3,2,8,1,6,17,14,0,0,7,0,9,4,2,1,1,0,3,2,2,4,1,6,0,5,6,0,4,4,2,4,0,0,11,0,0
08/06/2014 15:39,211342651,0,4,0,0,1,4,1,20,0,19,45,4,0,0,0,4,9,7,0,2,3,0,11,9,7,6,0,7,3,13,7,5,2,5,0,3,3,0,0
08/06/2014 15:40,223845455,2,0,0,0,3,9,0,19,0,23,5,0,2,0,5,4,2,0,2,12,14,0,4,1,3,5,13,14,4,8,17,43,0,8,4,0,2,0,0
08/06/2014 15:41,131092271,0,0,0,3,0,16,4,13,1,4,3,7,3,0,1,1,12,9,0,5,0,5,0,0,0,10,12,0,1,0,6,0,2,3,4,0,0,0,0
08/06/2014 15:42,119178352,0,0,0,1,0,0,5,14,5,12,2,0,4,0,0,4,9,0,3,0,2,2,8,0,6,10,7,8,0,1,1,0,3,3,0,0,0,3,0
08/06/2014 15:43,162336219,0,4,0,6,0,10,15,3,6,8,0,0,0,0,6,0,10,5,4,2,4,0,7,4,0,22,4,12,8,0,6,0,9,2,5,1,0,0,0
08/06/2014 15:44,91552100,0,0,0,0,0,2,4,3,2,15,4,0,1,0,2,0,4,0,0,6,0,12,4,1,1,2,0,4,0,1,10,0,4,0,0,0,2,0,0
08/06/2014 15:45,185944523,0,0,4,0,0,6,1,7,5,23,7,12,1,0,8,1,3,13,1,2,11,0,4,0,5,8,2,0,8,4,13,0,2,11,2,0,4,0,0
08/06/2014 15:46,144603123,0,0,5,4,3,12,0,23,1,7,0,1,0,0,3,1,17,4,7,0,5,0,0,7,0,2,10,11,0,0,7,0,7,0,0,0,2,3,0
08/06/2014 15:47,136153055,0,0,0,3,0,11,9,8,1,4,13,0,0,0,0,4,7,0,1,0,1,0,1,1,0,5,23,0,0,5,3,7,0,10,4,1,3,0,0
08/06/2014 15:48,135711145,0,6,0,0,1,4,0,2,0,13,1,10,0,0,1,3,18,0,0,1,8,0,0,5,0,1,0,5,4,0,13,10,11,5,2,0,6,0,0
08/06/2014 15:49,197181529,0,0,6,0,0,0,1,9,0,18,8,0,6,0,0,0,23,0,0,0,14,4,0,7,2,10,0,7,10,2,16,1,31,7,0,0,1,0,0
08/06/2014 15:50,161839524,0,0,0,3,1,3,5,0,1,10,9,0,1,0,3,10,3,3,0,0,2,4,4,10,6,6,19,5,7,10,8,5,5,1,3,0,0,0,0
08/06/2014 15:51,217019738,0,0,0,0,3,4,4,9,0,24,0,7,0,0,0,1,13,0,5,8,1,0,47,0,5,18,8,3,3,0,12,11,0,0,0,2,4,0,0
08/06/2014 15:52,129299412,0,0,3,0,2,5,5,7,4,3,16,10,0,0,1,9,1,6,0,9,0,1,0,0,0,7,3,8,0,0,4,7,3,2,0,6,3,0,0
08/06/2014 15:53,145810929,0,0,0,0,0,0,8,1,0,15,1,7,4,0,1,12,6,0,4,6,2,0,1,0,1,4,3,10,4,0,15,21,0,0,8,0,0,0,0
08/06/2014 15:54,104811835,0,0,0,0,0,0,5,13,0,10,4,1,0,0,0,0,7,0,6,3,0,0,2,4,6,7,3,0,3,5,11,4,0,0,3,5,4,0,0
08/06/2014 15:55,246279877,0,0,0,7,0,7,0,15,4,2,13,4,1,0,1,9,10,5,5,13,6,8,10,4,5,10,20,9,14,6,7,0,0,0,13,10,0,0,0
08/06/2014 15:56,181729724,0,0,7,1,0,15,0,14,4,5,2,0,1,0,3,0,16,1,0,1,0,0,3,8,8,12,11,15,0,3,19,18,0,2,0,8,7,0,0
08/06/2014 15:57,141056136,4,0,0,0,0,11,5,5,2,9,3,0,0,0,11,0,11,1,0,0,4,0,13,2,0,17,9,0,3,0,20,0,5,1,2,0,1,0,0
08/06/2014 15:58,177427983,0,0,0,0,4,14,4,43,0,13,1,3,0,0,0,0,8,5,0,0,0,11,0,0,3,3,0,15,10,9,5,11,4,0,4,3,10,0,0
08/06/2014 15:59,125653547,0,0,0,0,1,13,2,12,0,13,7,5,0,0,1,2,7,4,0,1,1,0,3,0,1,19,0,0,0,0,19,0,3,2,0,0,0,0,0
08/06/2014 16:00,155534227,0,0,0,1,0,9,2,13,7,6,9,0,3,0,2,2,8,2,0,0,3,0,3,2,0,15,20,3,5,0,10,4,3,0,10,3,2,3,0
08/06/2014 16:01,240827297,0,0,6,13,0,17,0,10,16,8,6,7,3,0,5,1,1,0,33,0,3,4,7,0,1,6,16,6,0,2,11,10,14,9,2,3,6,0,0
08/06/2014 16:02,146741094,0,0,3,0,0,0,0,17,0,8,1,2,3,0,9,0,13,1,0,3,5,0,8,4,0,10,0,9,0,0,2,4,0,19,0,4,6,0,0
08/06/2014 16:03,155754930,0,0,0,0,1,15,1,4,1,12,1,13,0,0,9,8,11,7,0,3,1,4,8,0,0,12,0,0,3,9,5,11,5,0,4,2,2,0,0
08/06/2014 16:04,114366092,0,0,0,2,0,7,0,5,4,2,2,4,0,0,1,4,5,6,0,0,1,0,1,0,3,7,0,5,12,2,12,1,0,3,10,2,4,0,0
08/06/2014 16:05,193271841,0,0,0,0,2,0,9,9,0,14,6,0,2,0,14,1,0,0,0,8,8,5,2,9,2,26,11,11,0,3,8,15,0,0,0,5,0,0,0
08/06/2014 16:06,143619250,0,0,0,0,2,0,7,8,9,21,1,1,0,0,5,1,4,8,0,0,10,1,5,3,0,7,16,8,0,1,12,3,9,0,0,1,0,1,0
08/06/2014 16:07,115665688,0,0,0,0,0,1,0,16,4,3,0,1,0,0,6,0,2,5,1,0,7,6,7,0,3,21,4,0,0,3,4,0,2,3,4,0,3,0,0
08/06/2014 16:08,195714692,0,0,0,3,0,12,5,7,10,10,0,0,1,0,12,0,10,1,0,14,0,1,5,2,43,9,0,4,0,6,16,16,11,8,0,0,1,0,0
08/06/2014 16:09,138255857,0,0,0,3,0,6,4,20,1,16,0,0,0,0,0,0,7,4,0,3,3,3,3,0,0,22,0,8,0,12,13,0,0,2,0,6,1,0,0
08/06/2014 16:10,198349792,0,0,0,10,3,9,3,8,0,4,0,0,4,0,3,2,12,1,4,0,4,1,40,3,1,18,3,12,2,4,8,13,3,3,0,0,13,0,0
08/06/2014 16:11,251771821,0,0,0,0,0,16,8,8,2,5,6,12,0,0,0,0,10,6,0,1,44,4,2,34,3,10,8,0,6,7,8,3,1,1,15,6,1,0,0
08/06/2014 16:12,171767239,0,0,0,10,3,8,8,7,0,1,6,0,0,0,0,0,3,6,1,3,36,7,1,3,0,10,7,9,7,0,15,6,1,1,1,4,0,0,0
08/06/2014 16:13,140506241,0,0,0,0,0,10,3,20,0,22,4,0,1,0,1,1,5,0,3,7,7,4,0,3,0,0,1,5,0,0,10,8,5,0,3,5,1,0,0
08/06/2014 16:14,95812563,0,0,0,0,2,6,0,11,0,15,0,0,4,0,0,4,9,0,3,2,0,3,3,0,0,3,8,6,3,0,0,7,0,0,0,1,0,0,0
08/06/2014 16:15,171439230,0,0,0,0,4,5,5,10,31,4,6,3,3,0,0,2,5,0,0,0,1,15,6,7,0,17,7,10,3,0,4,3,1,0,0,4,8,0,0
08/06/2014 16:16,186365266,0,0,0,0,2,3,1,17,12,22,0,0,6,0,0,0,16,5,1,2,4,4,4,0,0,10,19,6,4,7,11,10,0,0,1,0,2,0,0
08/06/2014 16:17,128439444,0,0,0,3,1,11,8,11,4,9,2,3,0,0,4,0,9,6,1,0,0,4,2,2,0,2,21,0,4,1,1,2,4,4,0,0,0,0,0
08/06/2014 16:18,133802553,0,0,0,4,9,6,0,8,0,6,7,0,0,0,4,0,3,0,0,8,2,4,7,9,0,0,0,5,4,5,8,12,0,0,2,1,3,0,0
08/06/2014 16:19,122431297,0,0,0,4,0,3,0,13,3,6,2,3,6,0,0,0,10,6,3,1,1,3,7,0,0,2,0,8,0,2,18,6,0,3,1,0,2,0,0
08/06/2014 16:20,119103892,0,0,0,0,0,18,5,1,7,6,5,4,4,0,4,0,7,0,0,0,0,0,0,1,0,14,11,3,0,0,11,11,1,3,0,1,0,0,0
08/06/2014 16:21,137848073,0,0,0,4,3,7,4,6,0,2,1,2,0,0,0,4,12,4,3,2,0,4,5,4,0,10,9,12,2,0,14,0,1,8,5,1,2,0,0
08/06/2014 16:22,156205297,0,0,0,0,0,0,6,16,0,9,4,0,0,0,4,6,20,0,4,2,2,2,4,3,0,16,8,8,0,11,7,3,2,3,0,5,2,0,0
08/06/2014 16:23,83650048,0,0,0,0,0,5,1,1,2,7,1,0,0,0,0,0,12,1,3,0,4,0,0,4,1,12,3,0,0,0,11,14,9,2,0,1,3,0,0
08/06/2014 16:24,169380749,0,0,0,0,0,2,1,13,0,3,14,0,7,0,1,0,17,0,3,2,5,0,21,8,0,21,3,6,3,0,4,0,2,6,1,5,0,0,0
08/06/2014 16:25,134626988,0,0,4,0,0,7,2,12,4,4,8,0,0,0,0,3,4,0,0,4,4,1,2,4,2,6,14,1,5,1,0,10,4,14,5,3,2,4,0
08/06/2014 16:26,157470815,0,0,6,0,0,6,5,18,4,1,6,0,0,0,0,7,11,1,4,2,0,5,0,7,1,21,4,9,8,4,2,4,0,2,9,0,1,0,0
08/06/2014 16:27,139929551,0,0,0,0,0,16,0,15,1,12,4,0,0,0,3,2,4,4,0,7,0,2,0,1,1,16,15,8,5,0,0,6,0,5,0,0,1,0,0
08/06/2014 16:28,232642412,0,0,0,3,0,5,0,4,34,7,8,3,9,0,4,7,8,0,0,8,0,45,5,0,0,24,5,13,7,0,13,10,0,0,5,0,1,1,0
08/06/2014 16:29,105362349,0,0,0,0,0,8,1,21,0,8,4,0,0,0,0,1,19,2,3,3,1,2,0,0,2,3,0,0,4,7,11,4,0,0,0,0,0,0,0
08/06/2014 16:30,136344669,0,0,0,1,0,5,14,18,0,13,2,5,5,0,0,8,7,3,0,5,1,2,13,1,0,9,4,1,5,0,15,0,0,2,0,0,0,0,0
08/06/2014 16:31,159261234,0,0,0,3,0,5,0,9,0,4,9,0,0,0,5,4,15,4,1,5,0,0,0,1,0,45,6,11,3,0,9,8,0,1,1,0,3,0,0
08/06/2014 16:32,147008828,0,0,0,0,3,13,0,6,0,9,0,0,19,0,1,4,6,10,1,2,0,0,4,4,1,7,5,14,0,2,7,1,1,17,0,0,10,0,0
08/06/2014 16:33,155973828,0,0,0,0,0,2,6,2,7,5,3,2,2,0,0,4,13,1,1,0,1,1,42,5,9,8,11,0,6,0,4,0,4,0,3,0,0,0,0
08/06/2014 16:34,173837236,0,0,0,7,0,1,9,7,5,6,31,8,0,0,15,0,10,3,3,8,3,0,1,7,8,1,9,11,5,0,4,3,0,0,0,0,2,0,0
08/06/2014 16:35,118287247,0,0,0,15,0,4,3,17,0,9,0,0,4,0,0,2,4,1,0,0,0,0,8,0,0,0,7,0,3,11,12,14,1,0,0,0,2,0,0
08/06/2014 16:36,180826272,0,0,0,4,2,7,4,11,6,5,1,0,0,0,3,0,17,12,0,9,2,4,6,0,3,17,0,11,0,0,7,13,8,2,3,0,3,0,0
08/06/2014 16:37,146098985,0,0,0,0,0,25,0,18,2,4,0,2,0,0,5,0,2,0,0,9,0,1,0,1,0,0,0,0,0,1,10,47,2,0,0,0,0,0,0
08/06/2014 16:38,125635119,0,0,3,0,1,2,1,10,0,10,5,0,0,0,2,0,9,1,0,0,0,0,16,2,0,3,13,8,3,4,4,0,7,0,6,0,2,0,0
08/06/2014 16:39,113625467,0,0,0,0,0,8,1,10,0,13,5,12,1,0,1,1,11,1,0,0,1,0,3,0,0,8,1,3,7,5,12,0,14,0,0,4,0,0,0
08/06/2014 16:40,194105345,4,0,6,5,0,19,0,5,0,7,0,3,0,0,4,0,5,12,0,3,2,4,16,0,5,14,3,13,0,0,23,5,0,0,3,6,10,0,0
08/06/2014 16:41,180742639,0,0,0,0,0,4,1,17,0,44,3,3,0,0,5,0,16,11,3,3,3,3,9,0,2,8,1,0,1,4,4,4,10,4,0,5,5,0,0
08/06/2014 16:42,125891453,0,0,4,0,0,0,2,11,0,4,3,0,2,0,0,0,27,2,9,3,10,1,7,0,4,10,5,3,0,0,7,0,6,0,0,0,0,0,0
08/06/2014 16:43,117212945,0,0,0,3,0,3,0,13,6,1,2,1,2,0,0,1,8,3,3,0,2,4,4,0,0,8,7,3,0,0,21,15,0,1,7,0,4,0,0
08/06/2014 16:44,109642706,0,0,0,0,0,10,4,8,6,15,2,0,0,0,1,0,6,0,7,5,0,0,0,4,0,5,15,5,4,0,4,0,1,1,0,0,2,0,0
08/06/2014 16:45,134584559,0,0,0,5,0,9,0,8,0,22,0,0,0,0,1,0,7,1,0,0,0,4,0,0,1,2,12,21,2,1,18,8,0,11,0,0,0,0,0
08/06/2014 16:46,166221366,0,5,0,0,0,3,0,15,8,22,10,5,4,0,4,3,6,1,0,0,6,2,0,0,0,5,7,5,1,3,11,9,6,0,0,11,0,0,0
08/06/2014 16:47,137968973,0,0,0,0,0,23,1,17,0,5,0,0,3,0,7,2,10,9,0,7,6,3,5,0,0,12,15,0,6,0,3,1,0,2,0,4,3,0,0
08/06/2014 16:48,196544601,0,0,4,0,2,0,0,42,1,21,6,1,0,0,0,4,21,3,4,3,1,2,14,0,0,5,2,4,9,0,8,12,1,1,0,0,9,0,0
08/06/2014 16:49,215085982,0,2,4,0,0,0,3,4,0,16,37,0,2,0,0,0,10,6,3,6,0,0,2,0,1,6,7,6,7,1,50,5,8,5,0,5,0,0,0
08/06/2014 16:50,187765441,0,0,0,7,0,6,3,7,0,9,0,4,0,0,4,4,17,0,1,3,6,0,4,6,1,3,11,12,0,0,7,12,0,1,0,0,43,0,0
08/06/2014 16:51,96629156,0,0,0,0,0,3,4,13,0,3,6,0,3,0,3,0,17,0,0,0,5,0,1,1,1,6,10,0,2,0,0,0,1,6,1,1,3,0,0
08/06/2014 16:52,143249192,0,4,0,0,3,16,0,1,4,22,4,0,6,0,0,3,10,1,2,1,7,5,0,0,2,1,22,4,3,2,5,6,5,2,0,0,1,1,0
08/06/2014 16:53,137144905,0,0,0,0,5,10,3,4,4,2,0,0,0,0,5,2,6,2,0,9,1,2,4,1,2,13,5,5,1,6,8,13,3,1,9,0,1,0,0
08/06/2014 16:54,170082590,0,0,0,0,3,11,6,8,0,55,1,0,0,0,7,0,4,10,0,3,3,1,8,1,0,13,0,2,0,0,13,1,4,0,3,5,2,0,0
08/06/2014 16:55,115043029,0,0,0,4,0,2,6,11,1,23,0,0,0,0,0,3,9,0,0,3,3,0,2,0,0,0,7,3,0,4,5,8,3,13,0,0,0,0,0
08/06/2014 16:56,104659009,0,3,0,0,1,0,2,10,5,5,2,0,0,0,2,0,8,0,5,10,0,0,8,6,0,6,4,8,0,1,3,1,3,8,0,2,0,0,0
08/06/2014 16:57,82518435,0,0,4,0,0,7,2,3,1,6,0,5,0,0,4,4,7,1,2,0,1,0,0,2,0,9,0,0,0,4,15,4,0,0,0,0,0,0,0
08/06/2014 16:58,121863852,0,0,0,0,2,0,0,12,6,7,5,1,0,0,1,2,8,0,4,11,3,0,0,2,1,9,6,1,1,0,10,18,1,1,3,0,0,0,0
08/06/2014 16:59,110576377,0,2,0,6,5,8,0,12,0,1,4,1,1,0,0,0,5,1,0,0,1,0,2,4,7,9,18,1,1,1,1,1,6,3,0,4,0,0,0
08/06/2014 17:00,147386921,0,0,0,0,2,1,1,9,1,12,0,8,2,0,0,6,9,4,6,1,1,0,2,10,0,7,11,14,7,0,9,7,0,8,5,1,0,0,0
08/06/2014 17:01,236655402,0,0,0,0,0,58,0,7,2,15,0,2,1,0,3,4,17,0,0,1,1,0,3,0,2,7,5,48,7,10,11,22,0,4,0,1,0,0,0
08/06/2014 17:02,136091803,0,0,0,0,1,0,1,46,4,0,0,0,0,0,4,5,10,0,0,0,5,4,0,3,5,8,9,0,0,0,7,0,0,9,2,1,0,0,0
08/06/2014 17:03,115665218,0,0,0,4,2,0,0,0,0,5,7,3,3,0,1,0,5,0,1,1,3,4,9,13,4,11,12,0,0,4,9,2,0,1,5,0,3,0,0
08/06/2014 17:04,157938901,0,0,0,0,0,0,2,22,0,3,3,1,0,0,0,0,1,4,1,0,6,2,4,1,39,9,0,0,1,10,10,0,3,8,10,2,2,0,0
08/06/2014 17:05,124407279,0,0,0,0,4,0,1,6,2,5,0,0,4,0,1,0,0,16,0,4,0,0,7,1,5,16,2,0,4,4,5,11,1,9,0,12,0,0,0
08/06/2014 17:06,195636055,0,0,0,0,8,3,1,17,0,10,15,3,5,0,3,4,13,2,1,2,0,0,0,5,2,14,7,4,12,0,11,12,0,8,0,8,11,0,0
08/06/2014 17:07,153358986,0,0,0,0,4,17,0,4,0,10,1,0,4,0,2,0,18,0,0,0,5,0,5,2,0,18,11,6,0,0,12,10,0,11,0,0,6,3,0
08/06/2014 17:08,125338980,0,0,0,0,0,3,0,13,0,14,2,0,0,0,1,3,2,0,0,0,0,4,4,3,0,16,4,2,0,0,29,1,4,0,1,0,8,0,0
08/06/2014 17:09,176607090,0,0,4,0,3,0,8,12,4,14,5,0,4,0,2,0,5,2,2,11,12,0,0,7,0,18,5,7,0,0,5,12,0,14,5,0,3,0,0
08/06/2014 17:10,214834083,0,0,0,11,3,5,4,52,9,12,1,0,2,0,0,0,32,0,0,3,0,1,7,14,0,2,6,12,6,0,3,0,0,8,4,0,8,0,0
08/06/2014 17:11,130087213,0,0,0,0,0,17,0,9,7,6,2,1,8,0,13,0,0,3,0,0,0,0,0,4,0,2,3,5,4,4,21,3,2,0,5,5,0,0,0
08/06/2014 17:12,97886254,0,0,4,0,0,0,7,7,2,6,4,2,0,0,4,0,4,0,1,2,0,2,6,3,0,3,3,10,5,0,4,6,0,4,3,0,0,0,0
08/06/2014 17:13,179544120,0,0,0,0,1,1,11,6,0,3,9,2,0,0,0,2,16,2,0,1,4,0,9,14,0,0,7,0,5,43,7,14,0,9,2,0,4,0,0
08/06/2014 17:14,164041494,0,0,0,0,3,10,10,8,0,17,11,1,1,0,2,4,10,1,0,0,0,3,7,7,0,10,8,13,0,11,15,8,5,0,0,0,0,0,0
08/06/2014 17:15,145451559,0,0,0,0,0,14,0,14,8,8,1,0,1,0,1,7,10,1,0,9,5,0,0,2,0,14,9,0,8,1,12,9,0,0,3,0,1,0,0
08/06/2014 17:16,120890387,0,0,0,5,0,2,0,5,0,7,1,1,0,0,3,0,19,4,2,6,5,0,3,0,0,3,1,11,2,0,17,4,4,2,0,4,0,0,0
08/06/2014 17:17,104546593,0,0,0,0,4,3,0,7,2,0,0,5,0,0,8,0,6,0,0,0,0,0,2,4,1,5,11,0,4,5,12,3,2,5,0,0,7,0,0
08/06/2014 17:18,143591935,0,0,0,7,0,18,2,7,0,8,0,0,3,0,0,6,2,0,3,0,0,3,2,2,0,16,4,10,1,0,8,13,9,6,2,2,2,4,0
08/06/2014 17:19,143324024,0,0,0,0,0,0,6,22,0,3,0,0,1,0,3,3,0,0,0,0,4,0,15,1,1,11,14,7,0,2,21,13,0,0,12,3,0,0,0
08/06/2014 17:20,127347018,0,0,0,1,1,4,10,7,0,2,0,0,6,0,0,0,21,3,0,1,3,1,4,2,0,1,8,6,0,4,11,6,0,0,4,6,0,0,0
08/06/2014 17:21,151071555,0,0,0,0,5,9,16,17,0,1,2,1,1,0,0,0,10,3,4,0,7,0,11,2,1,2,11,2,8,2,17,0,2,0,13,0,0,0,0
08/06/2014 17:22,135860150,0,0,0,0,3,4,0,4,0,15,0,3,4,0,0,0,5,0,0,0,1,1,1,3,5,8,3,6,0,10,14,7,0,8,0,6,11,1,0
08/06/2014 17:23,171797697,0,0,0,0,6,11,5,3,0,10,3,2,0,0,0,2,13,1,4,34,0,4,5,5,0,16,8,1,7,2,11,3,2,0,7,0,2,0,0
08/06/2014 17:24,116316579,0,0,0,1,0,14,0,4,2,6,0,1,0,0,5,9,10,2,0,0,4,0,3,0,0,17,3,5,0,0,1,0,1,3,4,10,2,0,0
08/06/2014 17:25,117430807,0,0,0,0,0,3,0,4,1,11,1,0,0,0,3,2,0,2,4,4,2,0,12,4,0,15,8,4,4,7,17,6,0,0,0,4,2,0,0
08/06/2014 17:26,171481425,0,0,2,7,0,15,7,11,0,5,0,11,2,0,3,6,13,0,0,0,7,0,3,13,0,19,5,14,6,0,11,9,1,0,4,0,0,0,0
08/06/2014 17:27,135899182,0,0,0,0,0,13,0,11,0,4,0,0,4,0,0,0,2,3,5,0,8,0,2,0,0,14,17,4,0,0,5,17,0,0,9,1,0,0,0
08/06/2014 17:28,104441211,0,0,0,0,0,0,0,0,0,7,2,3,7,0,0,0,12,1,8,0,0,0,0,6,3,4,5,18,0,1,8,5,3,2,3,0,4,0,0
08/06/2014 17:29,112749575,0,0,0,0,3,0,0,12,2,9,0,4,1,0,0,11,8,0,3,0,0,0,2,0,2,4,19,0,0,0,13,8,1,1,0,0,0,0,0
08/06/2014 17:30,170768556,0,0,0,0,0,16,6,9,1,9,0,4,3,0,4,4,6,0,0,4,7,4,8,4,0,12,15,7,2,0,14,6,0,12,3,0,0,0,0
08/06/2014 17:31,129732136,0,0,0,4,0,7,9,7,0,10,0,0,0,0,5,4,12,0,0,0,1,7,14,4,4,11,4,0,2,1,7,6,0,4,0,2,0,0,0
08/06/2014 17:32,129251343,0,0,0,8,0,0,3,10,2,4,0,2,4,0,6,0,7,0,3,0,0,0,8,11,0,14,8,6,0,0,12,12,0,1,5,1,0,0,0
08/06/2014 17:33,131076041,0,0,0,14,0,0,1,18,0,8,6,3,2,0,1,2,18,3,0,2,0,3,10,0,0,3,4,4,3,0,5,0,12,0,0,1,0,0,0
08/06/2014 17:34,159804588,0,0,0,2,45,2,1,1,3,4,4,0,6,0,1,1,7,4,1,6,0,0,13,0,0,18,1,4,0,0,7,6,2,3,3,0,4,0,0
08/06/2014 17:35,138536652,0,0,0,0,9,9,9,1,0,11,5,0,0,0,0,4,1,0,0,0,2,0,2,0,4,5,0,16,3,0,11,14,0,7,4,6,0,0,0
08/06/2014 17:36,174040110,5,0,0,1,0,12,0,14,9,10,0,0,0,0,7,4,12,2,3,0,4,2,2,4,4,20,0,8,0,6,15,1,0,0,2,5,8,0,0
08/06/2014 17:37,91907394,0,0,0,0,5,5,0,7,0,4,4,0,0,0,0,0,4,0,0,1,0,0,3,1,2,0,12,0,0,0,15,10,5,5,2,8,0,0,0
08/06/2014 17:38,177268028,0,0,0,0,0,5,0,21,0,6,3,0,5,0,7,2,11,0,5,0,0,3,36,0,0,6,24,4,0,0,9,5,0,0,4,2,4,0,0
08/06/2014 17:39,108692651,0,0,0,0,5,12,6,14,0,7,1,0,0,0,0,0,4,0,0,5,0,4,1,0,0,6,1,6,9,0,14,6,0,7,0,1,0,0,0
08/06/2014 17:40,123932864,0,0,0,0,2,5,5,8,13,7,4,0,0,0,0,0,14,0,0,4,0,0,9,0,5,2,12,5,1,0,6,12,5,0,0,0,0,0,0
08/06/2014 17:41,157126512,0,0,0,0,0,6,1,5,5,11,4,2,2,0,8,5,9,17,0,0,0,0,0,0,0,4,1,6,1,4,8,1,7,2,4,35,0,0,0
08/06/2014 17:42,141983545,4,0,0,0,0,5,3,5,0,22,1,1,0,0,5,1,8,8,0,11,0,0,7,0,0,16,8,7,0,3,7,10,2,1,1,0,0,0,0
08/06/2014 17:43,91373415,0,0,0,0,0,10,0,4,0,6,1,0,4,0,2,0,5,8,4,0,0,0,0,4,4,8,6,5,0,0,9,2,0,2,0,0,0,0,0
08/06/2014 17:44,118400934,0,0,0,0,0,7,0,6,0,2,2,1,0,0,1,0,9,1,7,0,2,0,8,1,0,10,7,13,0,5,11,5,2,3,0,0,3,0,0
08/06/2014 17:45,144681877,0,0,0,0,0,15,0,9,0,13,0,3,0,0,13,0,23,4,0,0,5,3,6,0,0,6,19,0,0,2,0,0,0,13,0,1,4,0,0
08/06/2014 17:46,116436029,0,0,0,0,0,7,0,17,1,1,3,9,3,0,1,0,11,2,0,0,0,0,3,4,3,2,13,0,9,0,0,16,0,5,4,4,0,0,0
08/06/2014 17:47,149483672,0,0,4,0,0,7,0,20,8,3,0,0,0,0,9,7,12,0,3,0,2,4,1,0,0,4,6,3,8,0,12,11,0,4,6,0,5,0,0
08/06/2014 17:48,140950454,0,0,0,2,2,2,7,3,1,0,3,0,0,0,5,8,23,2,0,0,0,4,3,0,1,17,0,14,3,0,6,8,2,10,0,1,2,0,0
08/06/2014 17:49,114444660,0,0,0,4,3,12,3,10,6,6,5,0,0,0,8,8,2,0,8,1,0,1,0,3,0,7,0,8,0,0,4,6,1,0,0,3,4,0,0
08/06/2014 17:50,168857292,0,0,0,1,4,9,0,10,0,2,2,3,0,0,0,0,5,0,0,5,0,3,43,2,0,45,10,3,0,0,0,8,0,0,0,0,4,0,0
08/06/2014 17:51,160781853,0,0,0,7,0,10,7,20,9,5,2,1,3,0,0,0,16,0,0,4,0,0,4,9,0,2,16,7,6,0,7,1,6,0,0,3,0,0,0
08/06/2014 17:52,153307005,0,0,0,0,3,2,3,2,4,5,0,34,0,0,0,4,4,0,2,0,6,0,3,0,7,7,2,5,6,0,0,12,5,0,4,0,9,0,0
08/06/2014 17:53,123386229,0,0,0,0,0,5,0,18,10,9,4,0,0,0,2,0,11,0,3,2,4,4,4,0,0,9,9,4,0,1,1,3,0,11,0,0,7,0,0
08/06/2014 17:54,94967386,0,0,0,0,0,3,1,1,0,6,0,0,2,0,0,4,8,0,0,0,6,11,0,3,0,7,0,0,0,7,13,7,1,0,5,0,1,0,0
08/06/2014 17:55,167250890,0,0,0,2,1,19,4,7,4,7,0,0,3,0,13,1,10,5,3,0,2,1,6,15,0,14,2,7,1,2,14,6,0,5,0,2,2,0,0
08/06/2014 17:56,85521411,0,0,0,6,1,3,5,17,3,6,0,1,0,0,3,0,3,0,0,2,0,0,5,3,0,3,2,8,0,1,0,1,3,4,0,0,1,0,0
08/06/2014 17:57,98049267,0,0,0,1,2,10,0,0,3,5,0,0,2,0,0,9,8,1,0,0,1,0,1,4,2,14,2,0,1,0,10,13,0,0,0,0,2,0,0
08/06/2014 17:58,108395797,0,0,0,8,0,0,0,6,0,5,2,0,0,0,3,0,6,0,1,4,0,1,5,3,1,5,12,9,0,0,10,12,4,0,1,0,2,0,0
08/06/2014 17:59,105655108,0,0,0,0,1,9,1,5,0,8,4,3,11,0,0,0,7,0,0,5,1,0,0,0,0,1,0,6,11,0,1,6,3,2,4,2,5,0,0
08/06/2014 18:00,131154759,0,0,0,0,0,5,4,10,0,2,0,0,4,0,2,0,3,0,9,0,0,4,11,4,6,15,5,6,0,2,8,10,5,0,10,3,0,0,0
08/06/2014 18:01,120095358,0,0,0,5,0,13,0,5,2,11,2,0,0,0,14,4,5,0,0,5,3,0,2,3,2,4,12,2,0,1,10,0,4,0,5,2,0,0,0
08/06/2014 18:02,140685328,0,0,0,3,1,6,0,16,1,25,6,0,0,0,0,0,5,0,1,0,0,0,2,0,0,1,10,21,0,3,9,13,0,0,3,0,2,0,0
08/06/2014 18:03,159215656,0,0,0,0,2,10,1,6,0,19,0,0,0,0,1,0,10,1,4,5,0,1,5,0,0,3,11,0,0,0,7,4,0,3,7,0,45,0,0
08/06/2014 18:04,104434436,0,0,0,1,0,8,0,9,1,5,1,7,6,0,0,2,13,0,0,3,3,0,5,0,0,7,3,7,0,0,11,6,0,4,0,0,0,0,0
08/06/2014 18:05,121368040,0,0,0,0,0,8,0,3,0,7,3,0,1,0,9,5,0,0,4,0,6,0,2,2,3,1,18,8,1,9,13,15,4,0,0,2,0,0,0
08/06/2014 18:06,75779517,0,0,0,0,0,0,0,11,0,3,0,0,0,0,0,2,3,0,0,0,1,3,7,0,0,6,13,5,0,0,6,1,0,4,2,0,3,0,0
08/06/2014 18:07,117283742,0,0,0,0,4,5,9,4,0,0,1,0,0,0,0,2,1,0,0,0,3,0,2,1,0,5,6,0,7,6,38,1,0,0,12,0,3,0,0
08/06/2014 18:08,188543376,0,0,0,0,0,15,10,26,0,8,8,1,0,0,4,0,5,0,44,2,0,0,2,0,0,11,6,17,5,0,4,8,1,0,1,0,1,0,0
08/06/2014 18:09,139631689,0,0,0,10,0,4,0,11,0,8,8,1,1,0,0,0,8,0,0,3,3,2,3,0,0,16,12,2,0,0,40,6,0,1,1,0,2,0,0
08/06/2014 18:10,77016137,0,0,0,0,6,3,1,2,0,3,0,4,0,0,8,0,10,0,0,3,0,0,0,0,0,1,3,2,9,0,8,10,0,0,2,0,0,0,0
08/06/2014 18:11,132122130,5,0,0,1,0,16,5,11,4,4,0,0,1,0,9,0,14,3,0,0,1,0,1,1,0,11,12,1,0,4,10,5,3,3,0,4,0,0,0
08/06/2014 18:12,105252396,0,0,5,0,0,2,2,0,0,6,2,0,0,0,2,0,2,3,0,0,7,2,2,0,1,15,14,6,7,0,12,1,3,0,6,1,1,0,0
08/06/2014 18:13,109841040,0,0,0,0,0,3,12,8,3,6,0,0,0,0,0,0,7,0,6,2,3,0,0,1,0,6,1,16,2,4,4,6,0,4,2,0,0,1,0
08/06/2014 18:14,161053556,0,0,0,4,1,3,8,4,0,43,3,7,4,0,7,0,0,0,5,4,0,0,3,0,1,6,0,4,0,0,2,21,17,5,0,0,0,0,0
08/06/2014 18:15,104817272,0,0,0,1,0,6,3,4,1,13,2,0,1,0,0,0,1,8,5,3,0,0,0,0,0,0,23,6,5,5,10,0,0,0,4,0,0,0,0
08/06/2014 18:16,82692223,0,2,0,8,0,7,0,9,0,11,0,0,3,0,0,0,9,3,2,1,2,0,0,12,0,1,6,1,3,0,4,0,0,0,0,0,3,0,0
08/06/2014 18:17,154925027,0,0,4,1,1,1,10,2,8,3,1,0,1,0,0,10,4,10,0,1,10,1,7,0,10,3,2,7,0,5,25,13,0,1,1,0,3,0,0
08/06/2014 18:18,152072262,0,0,0,5,1,7,0,5,2,8,6,0,7,0,2,0,11,0,0,1,6,0,6,1,1,46,3,0,2,1,3,3,5,0,1,0,8,0,0
08/06/2014 18:19,121549576,0,0,0,5,0,11,0,5,10,19,0,0,1,0,3,2,3,0,1,0,0,2,0,5,0,7,0,15,0,4,6,1,2,4,3,7,0,0,0
08/06/2014 18:20,138660303,0,0,0,1,0,11,3,9,10,44,0,0,0,0,0,6,2,0,2,0,0,3,0,0,1,6,0,14,4,0,12,6,2,0,1,1,2,0,0
08/06/2014 18:21,111172446,0,0,0,0,0,18,8,3,0,5,3,0,0,0,5,0,4,12,4,0,6,0,3,0,0,11,5,1,0,0,5,0,0,10,3,0,0,0,0
08/06/2014 18:22,94297287,0,0,0,0,0,14,0,8,4,0,0,0,0,0,0,3,1,3,5,1,1,3,6,9,0,5,4,10,3,0,3,2,8,4,0,0,0,0,0
08/06/2014 18:23,147901278,0,0,0,5,0,0,4,3,2,3,0,0,0,0,4,2,6,5,0,4,0,4,4,0,0,0,8,4,6,1,47,10,5,0,2,0,3,0,0
08/06/2014 18:24,85863418,0,0,0,0,0,3,0,13,2,9,0,2,0,0,0,0,1,0,0,7,0,0,14,0,3,9,2,9,0,0,5,6,0,0,0,0,1,0,0
08/06/2014 18:25,144666239,0,0,0,0,0,5,0,10,4,9,0,2,1,0,8,0,8,8,1,3,0,1,0,3,1,3,10,4,0,0,5,10,2,44,0,2,3,0,0
08/06/2014 18:26,105605733,0,0,0,0,3,8,3,10,0,12,0,2,8,0,0,0,5,6,0,0,0,0,9,0,0,6,2,9,1,0,4,1,4,0,0,0,10,0,0
08/06/2014 18:27,170146152,0,0,3,0,45,7,12,1,0,13,7,0,3,0,10,4,2,0,0,0,6,0,1,7,0,5,17,0,5,0,0,11,0,0,2,0,0,0,0
08/06/2014 18:28,148619472,0,0,0,1,6,2,4,50,0,9,3,0,0,0,0,2,5,0,0,6,0,0,1,1,0,11,6,13,0,1,5,7,0,0,0,0,6,0,0
08/06/2014 18:29,127183039,0,0,0,3,0,7,1,5,2,12,2,0,1,0,0,3,13,0,4,0,0,0,11,5,3,2,0,0,1,0,2,1,0,3,41,0,2,0,0
08/06/2014 18:30,98912992,0,0,0,0,0,4,0,13,0,3,0,0,4,0,1,3,1,6,0,0,0,5,11,0,0,0,9,7,3,3,3,10,0,0,7,0,7,0,0
08/06/2014 18:31,131691505,0,0,0,0,0,1,0,6,0,15,0,1,0,0,8,0,19,7,0,0,1,1,3,3,0,0,8,4,5,14,15,5,0,4,5,1,3,0,0
08/06/2014 18:32,96939446,0,0,4,1,0,6,2,4,0,2,0,0,0,0,3,2,28,0,0,0,2,5,11,0,4,2,3,0,7,0,3,7,0,0,2,0,1,0,0
08/06/2014 18:33,96558390,0,0,0,1,0,4,0,4,0,6,0,4,0,0,1,0,26,5,1,0,0,0,2,6,0,5,5,13,0,1,4,1,0,0,5,0,0,0,0
08/06/2014 18:34,145071765,0,0,0,3,3,18,0,11,4,7,0,0,0,0,1,0,3,0,0,6,5,0,0,1,0,4,8,13,0,3,26,13,9,0,3,0,4,0,0
08/06/2014 18:35,128011091,0,0,4,0,0,5,6,7,8,8,4,5,0,0,1,0,9,5,0,0,4,11,3,0,3,10,6,0,1,0,3,8,15,0,0,0,0,0,0
08/06/2014 18:36,194912444,0,0,0,2,0,5,0,0,32,12,5,0,3,0,9,0,7,6,0,4,2,0,1,0,2,4,15,4,48,0,4,10,0,0,0,0,0,0,0
08/06/2014 18:37,107761106,0,0,0,4,0,12,0,8,4,5,0,4,0,0,3,0,7,3,0,1,1,0,0,0,3,9,0,7,0,0,6,1,0,3,10,1,3,0,0
08/06/2014 18:38,121498854,0,5,0,0,7,6,7,2,3,15,12,0,5,0,0,3,2,5,0,0,0,0,5,2,0,1,5,7,0,0,1,13,2,3,3,0,0,0,0
08/06/2014 18:39,111724947,0,3,5,0,0,10,4,3,0,8,0,0,0,0,1,0,2,0,0,2,0,4,2,6,1,2,3,3,0,0,39,3,7,0,0,3,0,0,0
08/06/2014 18:40,124352395,0,0,0,0,1,18,1,11,2,10,4,0,0,0,0,3,3,6,1,2,3,4,5,5,3,10,6,0,0,3,1,7,0,1,1,0,0,1,0
08/06/2014 18:41,125426811,0,0,0,0,0,0,0,5,5,9,0,0,0,0,0,0,8,1,0,2,4,0,3,0,7,7,0,10,0,0,6,40,0,0,0,0,3,0,0
08/06/2014 18:42,126296374,0,0,4,0,0,34,0,1,1,2,0,3,3,0,0,0,6,0,0,0,2,5,4,0,2,4,2,12,2,0,0,2,9,2,11,0,0,0,0
08/06/2014 18:43,165054259,0,0,0,0,3,4,7,2,36,4,4,0,0,0,47,3,11,0,4,0,4,0,0,2,0,14,0,3,5,3,1,0,0,0,2,0,0,0,0
08/06/2014 18:44,99260055,0,0,0,4,0,0,0,2,4,17,0,0,3,0,6,0,9,1,0,0,3,0,7,0,4,6,8,3,0,2,2,7,7,0,4,0,4,0,0
08/06/2014 18:45,111570394,0,0,0,0,0,0,0,12,4,4,4,3,0,0,0,3,6,4,0,1,4,5,15,3,0,9,15,5,1,0,9,3,0,0,1,0,1,0,0
08/06/2014 18:46,177985282,0,6,0,0,8,7,7,18,0,1,5,0,3,0,0,0,3,0,0,7,5,0,0,1,4,7,19,10,2,0,52,4,0,0,2,0,6,0,0
08/06/2014 18:47,107753227,0,0,0,0,0,8,8,8,0,3,5,0,3,0,0,0,5,3,0,12,4,7,4,0,0,1,3,1,1,0,6,10,2,8,2,3,0,0,0
08/06/2014 18:48,115328846,0,0,4,1,0,12,0,4,0,4,3,0,4,0,3,0,4,0,0,0,0,1,0,1,1,14,4,9,8,1,15,6,0,4,3,2,1,0,0
08/06/2014 18:49,78699745,0,0,0,0,4,0,0,4,6,11,0,3,0,0,0,0,5,0,0,0,0,0,0,0,0,0,16,11,0,4,4,8,0,0,0,0,1,0,0
08/06/2014 18:50,91050676,0,0,6,0,0,7,1,7,0,11,0,4,0,0,0,0,1,0,0,0,8,7,0,0,0,4,3,3,0,4,8,7,0,0,0,5,4,0,0
08/06/2014 18:51,113463864,0,0,0,4,0,2,4,1,0,16,0,0,2,0,4,4,13,2,0,0,6,1,9,3,4,6,12,2,0,0,1,2,0,0,0,0,1,0,0
08/06/2014 18:52,124106172,0,0,0,0,0,0,0,10,0,13,0,1,0,0,5,0,4,4,0,0,4,0,0,0,0,4,15,40,0,0,8,3,0,0,0,2,0,0,0
08/06/2014 18:53,127238596,0,0,0,0,0,14,0,10,0,3,4,0,0,0,0,0,6,13,0,8,1,0,0,2,0,5,1,0,0,1,0,37,4,0,0,6,4,0,0
08/06/2014 18:54,125979378,0,0,0,0,8,21,0,0,6,7,0,0,0,0,0,4,13,0,0,3,13,0,0,3,0,10,11,0,1,0,1,0,0,0,4,5,0,0,0
08/06/2014 18:55,51216537,0,0,0,0,0,0,0,11,4,2,0,4,0,0,0,0,8,3,0,0,0,0,8,0,0,5,0,0,0,0,4,1,0,0,4,0,0,0,0
08/06/2014 18:56,87820678,0,0,0,0,0,1,0,11,6,0,5,1,1,0,0,1,13,2,0,0,2,4,3,4,4,0,0,0,4,0,3,7,0,0,2,0,0,0,0
08/06/2014 18:57,99398067,0,0,0,0,0,0,0,3,0,0,0,1,0,0,0,4,9,2,3,15,0,6,10,7,6,5,7,0,4,0,8,0,7,0,2,0,0,1,0
08/06/2014 18:58,87560010,0,0,0,8,0,8,5,10,0,0,5,7,0,0,1,0,8,0,0,0,4,4,3,0,0,9,5,2,0,0,0,9,0,0,0,0,7,0,0
08/06/2014 18:59,100273212,0,0,0,0,6,3,0,17,0,1,0,0,4,0,0,1,6,0,0,5,1,0,1,0,0,17,0,9,0,0,9,6,1,1,7,0,4,0,0
08/06/2014 19:00,192346600,0,0,0,0,0,4,48,3,0,4,1,44,0,0,0,0,7,2,0,1,0,2,12,0,4,0,1,14,5,0,1,7,0,2,3,0,8,0,0
08/06/2014 19:01,90849141,0,0,0,0,0,14,5,4,0,8,1,0,2,0,0,0,13,1,3,0,0,0,1,0,0,10,6,0,1,0,1,1,5,6,0,0,0,0,0
08/06/2014 19:02,117169625,0,0,0,0,2,10,0,2,2,20,0,2,3,0,0,0,10,0,4,0,0,3,6,0,0,7,4,7,4,0,6,11,0,9,0,0,0,0,0
08/06/2014 19:03,110205954,0,0,0,1,0,9,13,6,0,13,2,0,0,0,0,2,3,0,0,2,5,0,9,10,4,5,11,4,2,3,1,0,0,0,0,0,4,0,0
08/06/2014 19:04,87036583,0,0,0,0,0,3,3,7,3,1,0,0,2,0,3,1,21,0,1,0,0,5,0,1,0,0,12,1,0,0,9,10,2,0,0,0,0,0,0
08/06/2014 19:05,105134391,0,0,0,0,0,2,0,10,0,1,3,4,3,0,2,4,8,0,0,4,8,0,12,0,0,9,4,5,0,0,4,9,0,6,0,4,0,0,0
08/06/2014 19:06,86143208,0,0,0,0,0,18,0,12,0,2,1,2,3,0,0,1,2,3,0,4,1,3,5,4,0,6,4,3,0,3,0,9,0,1,1,0,0,4,0
08/06/2014 19:07,88471695,0,0,0,0,0,7,1,6,1,3,5,9,0,0,5,7,1,0,2,0,1,0,0,0,1,13,0,0,0,0,7,7,0,2,0,4,3,0,0
08/06/2014 19:08,150141672,0,0,0,0,0,17,0,5,0,7,4,0,7,0,0,4,5,4,0,5,0,0,0,4,1,8,0,7,4,5,12,13,5,7,6,4,5,0,0
08/06/2014 19:09,68998116,0,0,0,0,0,0,0,17,0,13,0,0,3,0,0,0,4,0,0,1,0,0,0,0,0,4,4,5,0,1,5,0,0,4,0,0,0,0,0
08/06/2014 19:10,96798747,4,0,0,0,0,10,0,0,2,11,0,0,0,0,2,0,15,0,0,0,1,0,4,2,0,1,8,13,0,0,2,7,1,0,1,3,0,0,0
08/06/2014 19:11,92148462,0,0,0,0,0,0,4,2,0,11,0,3,4,0,0,0,2,0,0,11,4,0,0,1,6,5,2,0,2,0,7,9,1,0,0,6,0,6,0
08/06/2014 19:12,103897026,0,0,0,3,0,9,1,5,0,5,0,0,4,0,0,10,3,1,0,1,6,4,0,1,0,12,7,3,0,1,4,7,0,2,6,4,0,0,0
08/06/2014 19:13,126466074,0,0,0,0,0,0,0,49,0,11,0,0,0,0,0,0,6,0,0,5,5,0,6,0,0,3,6,10,0,0,1,5,0,0,4,3,0,0,0
08/06/2014 19:14,113918996,0,0,0,1,1,10,0,12,0,0,0,0,0,0,6,0,0,0,4,1,4,2,0,0,1,11,3,5,4,0,11,19,0,9,5,0,6,0,0
08/06/2014 19:15,102291961,0,4,0,0,0,0,0,12,0,1,1,3,0,0,0,0,16,0,0,1,7,0,0,0,2,19,0,5,1,5,3,0,1,8,4,0,2,0,0
08/06/2014 19:16,103914131,0,0,0,4,4,9,0,8,0,0,0,0,0,0,0,0,4,0,0,0,0,0,0,0,0,15,4,10,0,0,11,6,2,7,11,3,0,0,0
08/06/2014 19:17,97133744,0,0,4,0,0,5,0,6,0,2,10,0,0,0,6,6,16,1,4,0,0,0,0,0,0,9,4,3,5,0,2,12,0,1,0,0,8,0,0
08/06/2014 19:18,109564933,0,0,0,0,4,0,1,1,0,10,0,0,0,0,0,0,8,0,4,0,3,0,7,3,0,10,17,4,6,0,16,0,1,0,0,0,5,0,0
08/06/2014 19:19,123428318,0,0,0,3,0,10,0,3,1,6,4,0,0,0,6,0,6,0,0,7,0,4,0,0,0,7,4,0,2,0,6,48,0,1,0,0,1,0,0
08/06/2014 19:20,94090846,0,0,0,0,1,12,0,1,0,15,0,0,0,0,2,0,4,0,4,5,1,0,2,0,0,6,16,8,0,1,4,0,0,1,0,6,2,1,0
08/06/2014 19:21,112836716,0,0,0,7,0,7,0,4,0,7,0,0,4,0,3,3,10,8,0,0,0,2,3,0,0,0,9,18,0,0,8,0,6,11,0,0,0,0,0
08/06/2014 19:22,89434977,0,0,0,0,7,11,0,5,1,2,1,0,6,0,0,0,12,0,0,1,1,4,1,1,1,3,8,0,5,5,5,0,0,0,0,0,0,0,0
08/06/2014 19:23,68653787,0,0,0,0,0,1,0,1,0,2,4,0,0,0,2,0,1,0,0,0,0,0,0,4,0,15,14,4,4,0,8,0,4,0,0,0,0,0,0
08/06/2014 19:24,77730139,0,0,0,5,0,11,0,3,0,0,0,7,0,0,0,2,3,1,0,8,1,0,1,0,1,7,3,4,0,0,11,0,0,0,0,6,0,0,0
08/06/2014 19:25,60441636,0,0,0,4,1,3,0,10,0,4,0,0,0,0,3,0,0,1,0,0,3,0,0,4,0,4,10,5,1,0,7,0,0,0,1,0,0,0,0
08/06/2014 19:26,120786735,0,6,0,0,0,2,0,14,3,7,0,4,9,0,0,0,10,0,0,3,5,3,3,0,0,16,3,17,0,0,7,0,0,1,0,3,0,0,0
08/06/2014 19:27,103161981,0,0,0,0,4,8,3,1,0,8,3,6,0,0,0,0,8,0,0,0,0,0,1,5,1,18,7,4,8,0,4,6,0,1,0,0,0,0,0
08/06/2014 19:28,86868187,0,0,0,3,0,1,0,5,4,3,13,0,0,0,0,0,6,0,0,5,0,0,11,3,4,3,8,0,3,0,6,5,2,3,0,2,0,0,0
08/06/2014 19:29,86185296,0,0,0,0,0,3,4,4,0,4,0,0,0,0,3,0,6,0,1,7,1,0,1,0,0,12,12,7,0,0,12,9,0,3,0,0,0,0,0
08/06/2014 19:30,106584691,0,0,0,6,3,7,2,10,0,0,0,0,0,0,2,7,3,4,0,0,0,0,1,0,0,1,9,10,0,0,6,22,5,0,0,9,0,0,0
08/06/2014 19:31,69290149,0,0,0,0,0,0,10,4,1,13,0,3,0,0,0,0,6,0,0,0,1,0,1,0,2,8,1,1,0,1,17,0,0,1,0,0,0,0,0
08/06/2014 19:32,86995429,0,0,0,5,4,6,0,10,0,0,0,0,0,0,1,0,8,0,0,0,2,0,12,0,4,2,8,0,0,2,6,5,0,1,3,0,1,0,0
08/06/2014 19:33,114917287,0,0,0,0,0,4,0,11,0,4,0,4,0,0,3,0,12,0,8,0,4,2,4,4,1,7,7,5,0,0,11,1,2,3,7,0,4,0,0
08/06/2014 19:34,59182188,0,0,0,0,0,8,0,6,0,1,0,0,0,0,0,0,15,0,0,2,0,0,0,0,0,1,8,9,0,0,0,2,0,0,0,0,5,0,0
08/06/2014 19:35,101593181,0,0,0,0,0,3,0,10,0,5,6,0,2,0,0,0,2,4,5,0,1,0,0,0,0,7,5,12,8,0,0,10,0,1,8,0,5,0,0
08/06/2014 19:36,112812009,0,0,0,0,0,17,0,15,0,1,0,0,0,0,0,0,4,0,0,0,7,6,8,8,4,5,0,9,7,0,6,11,3,0,0,0,0,0,0
08/06/2014 19:37,79019318,0,0,0,0,0,7,0,3,0,8,6,0,0,0,0,0,12,3,0,0,0,6,5,0,0,4,4,2,1,0,1,15,8,0,2,0,0,0,0
08/06/2014 19:38,46266270,0,0,0,0,0,3,1,8,0,6,3,0,0,0,0,3,2,0,2,0,1,0,0,0,0,0,0,2,0,0,4,4,3,0,0,0,3,0,0
08/06/2014 19:39,53790802,0,0,0,0,7,8,4,6,0,10,1,0,0,0,4,0,1,0,1,0,0,0,0,0,0,5,0,1,0,0,3,0,1,0,0,0,0,0,0
08/06/2014 19:40,113793211,0,0,0,0,0,5,0,35,0,4,0,0,0,0,5,1,10,0,0,0,0,4,0,0,0,5,2,6,4,0,4,23,1,0,0,0,0,0,0
08/06/2014 19:41,90518482,0,0,0,0,0,6,0,1,0,4,5,0,0,0,1,0,8,12,0,0,7,0,0,0,0,1,1,2,12,0,19,0,0,5,0,0,2,0,0
08/06/2014 19:42,70900993,0,0,0,0,0,5,3,8,0,9,0,0,0,0,0,6,0,0,0,0,0,4,0,0,0,0,0,1,3,0,11,1,0,0,0,10,7,0,0
08/06/2014 19:43,69655661,0,0,0,0,2,4,2,8,0,11,1,3,0,0,6,0,2,2,0,0,0,0,0,0,0,1,2,0,0,2,3,6,4,7,0,0,0,0,0
08/06/2014 19:44,75541935,0,0,0,0,1,14,0,6,0,4,0,1,0,0,1,0,2,6,2,0,0,0,5,0,0,9,1,11,0,0,0,3,3,0,4,0,0,0,0
08/06/2014 19:45,115725384,0,0,0,0,0,4,0,10,4,2,17,0,5,0,0,0,8,3,0,0,3,0,0,0,0,12,8,11,2,0,6,9,0,0,0,0,6,0,0
08/06/2014 19:46,53796455,0,0,0,0,0,3,2,4,0,7,0,0,0,0,0,0,8,0,0,0,2,3,2,0,0,0,4,0,0,3,10,7,0,0,0,0,0,0,0
08/06/2014 19:47,193703203,0,0,6,0,0,4,5,0,0,3,0,0,0,0,6,5,5,52,0,0,0,0,0,4,0,56,2,4,0,0,11,22,0,0,1,0,0,0,0
08/06/2014 19:48,54014885,0,0,0,0,0,4,4,6,1,4,0,0,0,0,0,6,0,0,0,1,0,0,0,0,0,0,5,8,0,0,11,0,0,0,0,0,0,0,0
08/06/2014 19:49,36752346,0,0,0,0,1,4,0,5,0,0,0,0,0,0,0,3,3,0,0,0,1,0,0,0,0,4,2,5,0,0,0,8,0,0,0,0,0,0,0
08/06/2014 19:50,88057077,0,0,0,0,4,5,0,22,0,11,4,3,0,0,0,0,0,0,0,0,0,4,8,0,0,0,3,4,0,0,11,5,0,0,0,0,4,0,0
08/06/2014 19:51,96472730,0,0,0,0,0,5,3,2,0,2,0,0,0,0,0,0,15,0,4,0,9,3,0,0,3,5,8,0,0,0,4,4,4,8,3,0,0,0,0
08/06/2014 19:52,66024749,0,0,0,0,0,8,0,3,0,0,0,0,0,0,0,0,7,3,0,7,0,0,0,0,0,8,8,6,4,0,6,1,0,2,0,0,0,0,0
08/06/2014 19:53,67117115,0,0,0,0,0,9,0,1,0,3,0,0,3,0,0,0,3,1,0,2,0,0,1,0,0,0,13,9,0,0,0,7,0,0,0,0,7,0,0
08/06/2014 19:54,60554031,0,0,0,0,4,3,0,4,7,20,0,0,0,0,2,0,4,0,0,0,2,0,0,0,0,0,5,0,0,0,4,4,0,0,0,0,3,0,0
08/06/2014 19:55,101326195,0,0,0,3,0,0,0,3,0,3,0,3,0,0,3,0,47,0,0,4,2,0,0,0,0,5,12,2,0,0,4,3,0,1,0,0,0,0,0
08/06/2014 19:56,53154548,0,0,3,0,0,5,0,0,0,8,0,0,0,0,0,6,4,0,0,0,0,0,0,10,0,0,3,0,0,0,4,2,0,0,0,0,0,0,0
08/06/2014 19:57,123170691,0,0,0,0,0,8,5,4,0,0,0,0,2,0,44,4,5,4,0,0,7,0,4,1,0,0,1,7,0,0,14,4,0,0,0,0,0,0,0
08/06/2014 19:58,82509943,0,0,0,0,2,6,7,5,0,7,6,4,0,0,0,0,6,0,0,3,0,0,0,0,3,10,1,8,4,0,1,4,0,1,0,0,0,0,0
08/06/2014 19:59,108297590,0,0,0,0,0,7,1,1,0,13,0,0,0,0,11,0,3,0,0,4,0,0,0,0,0,8,0,3,0,0,10,4,3,0,2,0,36,0,0
08/06/2014 20:00,48488982,0,0,0,0,0,2,0,12,0,3,0,0,0,0,0,0,8,1,4,4,0,0,0,0,0,0,2,0,0,0,7,5,0,0,0,0,4,0,0
08/06/2014 20:01,61661156,0,0,0,0,0,7,0,1,0,0,7,0,0,0,2,0,6,1,7,0,0,0,0,0,0,6,1,0,0,1,10,5,0,3,0,0,0,0,0
08/06/2014 20:02,55936630,0,0,0,0,0,0,0,4,0,2,0,0,0,0,2,0,2,5,0,3,0,0,0,0,0,0,10,8,0,0,0,6,0,0,4,0,0,0,0
08/06/2014 20:03,34689860,0,0,0,0,0,0,0,0,0,0,0,0,0,0,1,0,5,0,0,0,1,0,0,4,0,8,4,0,0,0,6,4,0,0,1,0,0,0,0
08/06/2014 20:04,85400462,0,0,0,0,0,4,0,3,0,6,0,0,0,0,8,0,15,5,7,5,5,0,0,0,0,3,0,7,4,0,2,7,0,0,0,0,0,0,0
08/06/2014 20:05,173723239,0,0,0,0,0,7,4,11,0,2,1,0,0,0,0,0,4,0,0,0,0,7,0,0,0,7,3,49,0,0,3,11,0,37,6,0,0,0,0
08/06/2014 20:06,65399090,0,0,0,0,0,0,0,6,0,0,0,0,0,0,8,0,0,0,0,0,14,0,0,0,0,4,8,6,0,0,6,4,0,0,0,0,0,0,0
08/06/2014 20:07,50183703,0,0,0,0,7,6,0,5,0,0,0,0,0,0,0,0,2,0,0,0,1,0,0,0,0,2,0,1,0,0,12,3,0,0,0,0,4,0,0
08/06/2014 20:08,156222422,0,0,0,7,0,6,0,6,0,5,2,6,0,0,0,0,0,0,0,0,0,0,0,0,0,37,9,6,0,5,7,6,0,7,0,0,40,0,0
08/06/2014 20:09,73159582,0,0,0,0,3,1,0,12,0,1,0,0,0,0,0,0,2,0,0,7,0,0,0,0,0,15,7,0,0,0,11,3,0,0,4,0,4,1,0
08/06/2014 20:10,113193713,0,0,0,0,0,6,0,4,0,0,0,1,0,0,0,0,3,3,0,12,0,6,0,6,0,5,0,5,0,6,2,45,2,0,0,0,0,0,0
08/06/2014 20:11,53969389,0,0,0,0,0,1,0,8,0,7,0,0,0,0,0,0,8,0,0,0,0,0,0,6,0,3,3,3,0,0,4,5,0,0,0,0,0,0,0
08/06/2014 20:12,42555361,0,0,0,6,0,1,0,4,0,4,0,0,0,0,1,0,4,1,0,0,0,0,0,0,0,1,0,11,0,0,1,12,3,0,0,0,0,0,0
08/06/2014 20:13,47820346,0,0,0,0,0,0,0,4,0,1,0,0,0,0,5,0,2,5,0,0,0,0,10,1,0,5,7,1,0,0,0,0,0,0,0,0,0,0,0
08/06/2014 20:14,42128007,0,0,0,0,0,0,2,4,0,1,0,0,0,0,2,0,3,0,0,0,0,3,0,0,0,6,3,1,0,0,5,2,0,2,1,0,0,0,0
08/06/2014 20:15,74982714,0,0,0,0,0,2,0,0,0,0,0,0,0,0,0,0,2,0,0,0,0,0,0,7,0,5,3,4,0,5,1,1,0,0,35,2,1,0,0
08/06/2014 20:16,62694932,0,0,0,0,0,5,7,0,0,1,0,0,0,0,0,0,7,1,0,0,0,0,0,0,0,3,0,7,5,4,10,7,0,0,0,0,0,0,0
08/06/2014 20:17,43426615,0,0,0,0,0,9,0,5,0,0,2,0,0,0,0,0,1,2,0,0,0,0,0,0,0,3,0,2,0,0,0,4,0,7,0,0,0,1,0
08/06/2014 20:18,67894575,0,0,0,0,0,3,0,9,0,9,2,0,0,0,0,0,2,5,0,0,0,0,0,5,0,5,4,2,0,0,2,10,1,0,0,0,3,0,0
08/06/2014 20:19,120508649,0,0,0,0,0,0,4,4,0,11,0,35,0,0,0,0,7,0,0,0,6,0,0,5,0,1,10,10,4,0,12,4,0,0,0,0,0,0,0
08/06/2014 20:20,54269510,0,0,0,0,0,3,0,0,0,4,0,0,0,0,0,0,10,3,0,0,0,0,0,0,5,2,5,3,4,0,0,4,0,0,0,0,5,0,0
08/06/2014 20:21,35995455,0,0,0,0,0,4,0,7,0,5,0,0,0,0,0,0,0,0,0,0,0,0,0,0,0,4,0,0,0,6,1,2,0,0,0,0,3,0,0
08/06/2014 20:22,79393934,0,0,0,0,0,0,0,7,0,0,0,0,0,0,2,0,10,0,0,0,0,0,0,0,31,0,8,1,0,0,0,0,5,4,0,6,3,0,0
08/06/2014 20:23,83581454,0,0,0,0,0,5,0,1,0,9,1,0,0,0,4,0,0,9,0,0,1,0,0,0,0,4,0,3,0,0,4,37,0,0,0,0,5,0,0
08/06/2014 20:24,117998035,0,0,0,0,0,2,0,1,0,4,33,0,0,0,0,0,5,1,0,0,0,0,42,0,0,0,1,4,2,0,6,8,0,2,0,0,0,0,0
08/06/2014 20:25,48728064,0,0,0,0,0,0,0,9,0,0,0,0,0,0,0,7,0,0,0,0,0,0,0,0,0,2,5,8,0,0,5,3,0,1,0,0,0,0,0
08/06/2014 20:26,51288446,0,0,0,0,0,8,0,3,0,5,0,0,0,0,0,0,1,2,0,0,0,0,0,0,0,0,6,11,4,0,9,0,0,0,0,0,6,0,0
08/06/2014 20:27,35693583,0,0,0,0,2,5,0,0,0,0,0,0,0,0,0,0,0,0,0,0,8,0,0,3,0,6,4,4,1,0,0,4,0,0,0,0,0,0,0
08/06/2014 20:28,84832482,0,0,0,0,0,0,0,4,0,3,0,0,6,0,5,0,0,0,0,0,0,0,0,0,0,45,5,2,0,0,3,2,0,0,0,0,1,0,0
08/06/2014 20:29,25651137,0,0,0,0,0,0,0,6,0,5,0,0,0,0,0,0,0,0,0,0,0,0,0,0,0,1,4,0,8,0,2,0,0,0,0,0,1,0,0
08/06/2014 20:30,27554869,0,0,0,0,0,5,0,3,0,1,0,0,0,0,0,0,0,2,0,1,3,0,0,0,0,4,1,5,0,0,0,0,0,0,0,0,1,0,0
08/06/2014 20:31,83348969,0,0,0,0,0,0,0,9,0,9,0,0,0,0,1,0,8,0,0,3,0,0,0,0,0,38,0,3,0,0,4,3,0,0,2,0,0,0,0
08/06/2014 20:32,109576816,0,0,0,0,0,43,0,4,0,3,0,0,0,0,0,2,13,0,0,6,0,0,0,0,6,8,7,11,0,0,2,3,0,0,1,0,0,0,0
08/06/2014 20:33,68617956,0,0,0,0,0,9,0,16,0,10,0,0,0,0,0,0,2,0,0,1,0,0,0,0,0,3,1,0,0,0,0,14,0,7,0,0,0,0,0
08/06/2014 20:34,58405464,0,0,0,0,0,0,0,7,0,1,0,0,0,0,0,0,3,0,0,0,0,0,0,0,2,0,4,0,0,0,0,0,35,0,1,0,0,0,0
08/06/2014 20:35,33663212,0,0,0,0,0,7,0,5,0,8,0,0,0,0,0,0,0,0,0,0,0,0,3,0,0,0,6,3,0,0,1,0,0,0,2,0,0,0,0
08/06/2014 20:36,68319250,0,0,0,4,0,7,0,13,0,1,0,0,0,0,0,0,8,0,0,0,0,0,0,0,0,0,0,8,0,0,6,9,0,0,2,0,3,0,0
08/06/2014 20:37,41613764,0,0,0,0,0,0,1,2,0,6,0,0,0,0,0,0,0,0,0,0,0,0,0,4,0,14,0,2,0,0,10,0,0,0,0,0,0,0,0
08/06/2014 20:38,81674859,0,0,0,0,0,2,5,15,0,3,0,0,35,0,0,0,2,0,0,0,1,0,0,0,0,2,0,8,0,0,5,0,0,0,0,0,0,0,0
08/06/2014 20:39,55200396,0,0,0,0,0,1,0,11,0,10,0,0,0,0,0,0,6,0,7,0,0,0,0,0,0,2,5,3,4,0,0,5,1,0,0,0,0,0,0
08/06/2014 20:40,63515690,0,0,0,0,0,4,0,0,0,6,5,6,0,0,0,0,0,6,0,0,0,0,0,0,0,5,0,4,0,0,12,4,0,6,0,0,4,4,0
08/06/2014 20:41,70157075,0,0,0,0,0,0,0,11,4,7,0,0,0,0,0,0,3,0,0,0,4,0,0,0,0,33,2,0,0,0,0,1,0,0,0,0,8,0,0
08/06/2014 20:42,56990185,0,0,0,0,0,8,0,7,0,9,0,0,0,0,0,0,7,0,0,0,0,0,0,0,0,3,1,9,0,0,1,0,0,1,4,0,0,0,0
08/06/2014 20:43,81209090,0,0,0,0,0,0,0,8,0,1,0,0,0,0,3,0,0,0,0,0,0,6,0,0,0,0,5,0,5,0,3,10,0,1,0,37,0,0,0
08/06/2014 20:44,42121335,0,0,0,0,0,5,3,2,0,0,0,0,0,0,0,0,1,0,0,0,0,0,0,0,0,13,13,0,0,0,3,0,1,1,0,0,0,0,0
08/06/2014 20:45,68860853,0,0,0,0,0,1,7,3,0,4,0,0,0,0,0,0,4,0,0,3,0,0,4,0,0,4,0,5,11,0,7,5,4,0,1,0,0,0,0
08/06/2014 20:46,41779089,0,0,0,0,0,5,0,1,0,5,0,0,0,0,0,0,3,0,0,5,0,0,2,0,0,2,0,0,5,0,4,0,0,0,3,0,0,0,0
08/06/2014 20:47,37640226,0,0,0,6,0,5,0,0,0,0,0,4,0,0,1,0,2,0,0,0,0,0,0,0,0,8,2,4,3,1,0,0,0,0,0,0,4,0,0
08/06/2014 20:48,76301948,0,0,0,0,0,0,0,0,0,6,7,0,0,0,1,0,0,0,0,0,0,0,0,2,0,2,34,0,0,0,1,5,4,0,0,0,8,0,0
08/06/2014 20:49,53190758,0,0,0,0,0,4,0,0,0,4,0,0,0,0,0,0,0,0,0,0,0,0,3,2,0,4,7,5,1,0,6,6,1,0,5,0,0,0,0
08/06/2014 20:50,66434742,0,0,0,0,0,9,0,0,0,5,0,0,0,0,5,0,14,0,0,0,4,0,0,4,0,2,4,11,0,0,1,7,0,0,0,2,0,0,0
08/06/2014 20:51,31430643,0,0,0,0,0,2,0,0,0,4,0,0,0,0,0,0,5,0,0,1,0,0,0,0,0,2,0,0,4,0,4,6,7,0,0,0,0,0,0
08/06/2014 20:52,39409292,0,0,0,0,0,1,1,1,1,0,0,0,0,0,2,0,7,0,0,0,1,0,0,0,4,1,4,1,8,0,4,3,0,2,0,0,0,0,0
08/06/2014 20:53,57241539,0,0,0,0,0,11,0,9,0,11,0,0,0,0,4,0,5,0,0,0,6,0,0,0,0,7,0,0,0,0,4,5,1,1,0,0,1,0,0
08/06/2014 20:54,50076432,0,0,0,0,0,8,0,1,0,1,0,0,0,0,0,0,3,0,0,0,0,0,4,0,0,0,17,5,0,0,8,1,0,0,7,0,0,0,0
08/06/2014 20:55,51885772,0,0,0,0,0,6,0,0,0,4,0,0,0,0,1,0,0,0,0,0,0,0,6,0,0,7,10,0,4,0,5,3,0,0,0,7,0,0,0
08/06/2014 20:56,42529139,0,0,0,0,0,0,0,6,0,10,0,0,0,0,1,0,1,0,0,7,0,0,1,0,0,0,0,1,0,0,12,0,0,0,0,2,0,0,0
08/06/2014 20:57,53727985,0,0,0,0,0,0,0,6,0,0,0,0,0,0,4,0,8,0,0,0,0,0,0,0,0,3,9,7,0,0,9,4,0,0,3,4,1,0,0
08/06/2014 20:58,29930392,0,0,0,6,0,0,0,3,0,3,0,0,0,0,0,0,0,1,0,0,2,0,0,0,0,1,8,8,0,0,0,0,1,2,0,0,1,0,0
08/06/2014 20:59,37474647,0,0,0,0,0,0,0,3,0,7,0,0,0,0,0,0,0,0,0,0,5,0,0,0,0,1,0,3,0,0,2,3,0,0,0,0,10,0,0
08/06/2014 21:00,48029281,0,0,0,0,0,9,0,8,0,0,0,1,0,0,0,0,14,0,0,3,0,0,0,0,0,1,1,1,0,0,0,5,0,0,0,0,0,0,0
08/06/2014 21:01,69882942,0,0,0,0,0,4,0,0,0,1,1,0,0,0,3,2,5,3,0,0,0,31,0,0,0,1,4,4,0,0,0,5,0,0,0,0,0,0,0
08/06/2014 21:02,69844439,0,0,0,6,0,9,5,1,0,5,4,0,0,0,0,0,0,0,0,0,4,6,8,0,0,8,4,7,0,0,2,2,0,0,7,0,0,0,0
08/06/2014 21:03,109690269,0,0,0,14,0,9,2,0,0,7,1,0,0,0,0,0,3,0,0,2,4,0,0,0,0,6,47,0,0,0,3,1,0,3,0,0,1,0,0
08/06/2014 21:04,18931212,0,0,0,0,0,0,5,0,0,1,0,0,0,0,0,0,0,0,0,4,0,0,0,0,0,8,0,1,0,0,0,0,4,0,0,0,0,0,0
08/06/2014 21:05,90869480,0,0,0,0,7,2,0,7,0,5,0,0,0,0,0,0,3,0,37,0,0,3,1,1,0,10,0,2,0,0,1,1,4,0,0,0,0,0,0
08/06/2014 21:06,48333976,0,0,0,0,0,6,9,5,0,2,4,0,0,0,2,0,2,0,6,0,0,0,0,0,0,2,1,3,0,0,2,0,1,0,0,0,0,0,0
08/06/2014 21:07,73013486,0,0,0,0,0,8,0,0,0,1,0,0,0,0,0,34,0,0,0,0,0,0,6,3,0,0,4,1,0,0,4,1,3,0,0,0,0,0,0
08/06/2014 21:08,44141245,0,0,0,0,0,0,0,8,0,4,0,0,0,0,3,0,8,0,0,1,0,0,1,0,0,2,0,0,0,0,1,8,0,0,6,0,0,0,0
08/06/2014 21:09,41896199,0,0,0,0,0,10,0,0,0,0,0,0,0,0,0,0,6,0,0,0,0,0,0,0,0,8,0,5,0,0,4,3,0,4,0,0,0,0,0
08/06/2014 21:10,40618543,0,0,0,0,0,4,0,4,0,1,0,0,0,0,0,0,5,5,0,0,0,0,0,0,0,0,3,7,4,0,3,0,0,0,2,0,0,0,0
08/06/2014 21:11,31048980,0,0,0,0,0,1,3,1,0,0,0,0,0,0,0,0,7,5,0,0,0,0,0,0,0,4,1,4,0,0,0,6,2,0,0,0,0,0,0
08/06/2014 21:12,26537702,0,0,0,0,0,0,0,0,0,0,1,0,0,0,0,3,0,0,0,0,0,0,0,0,0,9,2,0,3,0,0,11,0,1,0,0,0,0,0
08/06/2014 21:13,41663504,0,0,0,0,0,0,0,0,0,12,2,0,0,0,2,0,2,0,0,0,0,0,0,0,0,0,4,4,0,0,7,7,0,0,0,0,0,0,0
08/06/2014 21:14,35732811,0,0,0,0,0,3,0,3,0,10,0,0,0,0,0,0,4,0,0,0,1,0,0,0,0,0,0,3,0,2,0,0,0,8,0,0,0,0,0
08/06/2014 21:15,81173507,0,0,0,0,0,1,0,8,0,6,0,0,0,0,0,0,1,0,0,0,0,0,0,0,0,43,5,7,0,0,0,3,0,0,0,0,0,0,0
08/06/2014 21:16,70344286,0,0,0,0,34,3,0,0,0,1,0,0,0,0,0,0,5,0,0,0,1,0,0,0,0,0,1,3,0,0,2,2,6,0,3,0,0,0,0
08/06/2014 21:17,41891777,0,0,0,0,0,0,0,5,0,2,0,0,0,0,0,0,4,0,0,4,0,0,0,8,0,0,8,1,1,0,0,1,0,0,0,0,0,0,0
08/06/2014 21:18,84733623,0,0,0,0,0,0,0,1,0,50,5,0,0,0,10,0,0,0,0,0,0,0,0,4,0,2,0,4,0,0,0,0,1,0,0,0,0,0,0
08/06/2014 21:19,54231159,0,0,0,3,0,0,0,14,0,0,0,0,0,0,0,0,0,1,0,0,0,0,0,0,0,6,0,7,4,0,15,0,0,0,0,0,2,0,0
08/06/2014 21:20,35730624,0,0,0,0,6,0,0,6,0,0,0,0,0,0,0,0,7,0,0,0,2,0,0,0,0,0,7,0,0,0,4,2,0,0,0,0,2,0,0
08/06/2014 21:21,31483855,0,0,0,0,0,7,4,1,0,5,0,0,0,0,0,0,9,0,0,0,0,0,0,0,0,0,0,0,0,0,0,0,0,0,3,0,0,0,0
08/06/2014 21:22,57516594,0,0,0,0,0,0,0,0,0,0,0,0,0,0,0,0,1,0,33,0,0,0,1,2,0,1,0,1,0,0,9,0,3,1,0,2,0,0,0
08/06/2014 21:23,85093649,0,0,0,0,0,1,0,11,0,0,0,0,0,0,0,0,4,0,0,0,0,0,7,37,0,4,0,2,0,0,5,0,4,0,0,0,6,0,0
08/06/2014 21:24,88122304,0,0,0,0,0,3,0,0,0,7,0,0,0,0,0,0,8,0,0,0,0,0,0,0,0,3,1,0,43,0,5,6,2,0,0,0,0,0,0
08/06/2014 21:25,38457347,0,0,0,0,0,0,0,0,0,1,0,0,0,0,0,0,0,0,0,1,0,0,4,0,0,3,1,3,0,0,8,3,0,3,0,0,8,0,0
08/06/2014 21:26,105994392,0,0,0,0,0,10,3,4,0,7,0,1,0,0,0,0,4,0,0,0,5,0,0,3,0,9,6,1,0,0,44,0,0,0,0,0,0,0,0
08/06/2014 21:27,57819779,0,0,0,0,8,0,0,0,0,1,0,0,4,0,0,0,4,0,0,0,1,0,0,4,0,1,2,0,0,0,35,1,0,0,0,0,0,0,0
08/06/2014 21:28,38037422,0,0,0,0,0,0,0,5,0,7,0,0,0,0,6,0,4,0,0,0,2,0,0,4,0,0,0,0,0,0,1,4,0,0,2,0,0,0,0
08/06/2014 21:29,42127408,0,0,0,0,0,3,0,12,0,1,0,0,0,0,2,0,0,0,0,0,2,0,0,0,0,2,1,1,0,0,7,0,0,1,5,0,0,0,0
08/06/2014 21:30,79888024,0,0,0,0,0,4,0,3,36,0,2,0,0,0,0,0,4,5,0,0,4,0,0,0,0,3,6,0,0,0,1,2,8,0,0,0,0,0,0
08/06/2014 21:31,11932202,0,0,0,0,0,0,0,0,0,0,0,0,0,0,0,0,0,0,0,1,0,0,1,0,0,2,0,0,6,0,0,0,0,0,0,0,0,0,0
08/06/2014 21:32,21871266,0,0,0,0,0,0,0,0,0,4,0,0,0,0,0,0,9,0,0,0,3,0,0,0,0,0,0,0,0,0,0,0,0,0,0,0,0,0,0
08/06/2014 21:33,38108557,0,0,0,0,0,1,0,1,0,0,0,0,0,0,0,0,0,0,0,0,0,0,0,0,0,4,0,8,5,0,12,0,1,0,0,0,0,0,0
08/06/2014 21:34,32658400,0,0,0,0,0,0,0,0,5,0,0,0,0,0,0,0,0,11,0,0,0,0,0,0,0,1,1,8,0,0,4,1,4,0,0,0,0,0,0
08/06/2014 21:35,26385650,0,0,0,0,0,0,0,0,0,7,0,0,0,0,0,0,4,0,0,0,0,0,0,0,0,1,0,0,3,0,0,1,0,2,0,4,0,0,0
08/06/2014 21:36,30628915,0,0,0,0,0,0,0,2,0,8,7,0,0,0,0,0,0,0,0,0,0,0,0,0,0,0,0,7,1,0,3,5,0,0,0,0,0,0,0
08/06/2014 21:37,23400895,0,0,0,0,0,6,0,0,0,4,1,0,0,0,3,0,0,0,0,1,0,0,0,0,2,1,0,0,0,0,1,4,0,0,0,0,0,0,0
08/06/2014 21:38,98151341,0,0,0,0,0,2,0,51,8,0,0,0,0,0,0,0,6,0,0,3,0,0,0,0,0,0,0,8,5,0,0,1,0,0,0,0,0,0,0
08/06/2014 21:39,50895525,0,0,0,0,0,0,0,6,0,12,0,0,0,0,0,0,7,6,0,0,2,0,1,0,0,2,7,2,0,0,0,5,0,0,0,0,0,0,0
08/06/2014 21:40,28832422,0,0,0,0,0,0,0,4,0,7,0,0,0,0,0,0,0,0,0,0,0,0,0,0,0,8,0,1,0,0,0,7,0,0,0,0,0,0,0
08/06/2014 21:41,34215533,0,0,0,0,0,2,0,3,0,0,0,0,0,0,0,0,0,0,0,7,0,0,0,0,0,1,0,10,0,0,3,0,1,0,5,0,1,0,0
08/06/2014 21:42,36581818,0,0,0,0,0,3,1,0,0,3,0,0,0,0,0,0,5,0,0,0,0,0,0,0,7,2,0,4,0,0,6,0,0,0,0,0,1,0,0
08/06/2014 21:43,66958090,0,0,0,0,0,5,0,2,0,0,0,0,0,0,0,0,1,0,0,3,2,0,0,0,0,0,8,24,0,0,7,2,0,0,0,0,0,0,0
08/06/2014 21:44,60162145,0,0,0,0,0,0,0,0,0,0,0,44,0,0,0,0,0,0,0,0,0,0,0,0,0,0,4,4,0,0,0,0,0,5,0,0,1,0,0
08/06/2014 21:45,94472448,0,0,0,0,43,7,0,11,0,0,3,0,0,0,0,0,5,0,0,3,1,0,0,0,0,4,0,6,0,0,6,4,0,8,0,0,0,0,0
08/06/2014 21:46,86370328,0,0,0,0,0,0,0,0,0,0,0,0,36,0,0,0,1,0,35,0,0,0,0,0,0,0,10,0,0,0,0,0,0,0,0,0,0,0,0
08/06/2014 21:47,74796724,0,0,0,0,0,3,0,2,7,3,0,0,0,0,0,0,1,0,35,0,0,0,0,0,0,0,7,0,0,0,1,1,6,0,0,0,0,0,0
08/06/2014 21:48,17785112,0,0,0,0,0,0,0,2,6,1,0,0,0,0,0,0,1,0,0,0,0,0,0,0,0,1,0,5,1,0,0,2,0,1,0,0,0,0,0
08/06/2014 21:49,19672114,0,0,0,0,2,0,0,0,0,2,0,0,0,0,0,0,2,0,0,5,0,0,0,0,0,1,0,4,0,0,4,3,0,0,0,0,0,0,0
08/06/2014 21:50,73197253,0,0,0,0,0,11,0,5,7,0,10,0,4,0,0,0,0,0,0,0,0,0,1,0,0,0,0,9,0,0,11,3,0,0,4,0,2,0,0
08/06/2014 21:51,27655637,0,0,0,0,0,0,0,0,4,5,0,0,0,0,0,0,0,0,0,0,11,0,0,0,0,8,0,0,0,0,7,0,0,0,0,0,0,0,0
08/06/2014 21:52,70341142,0,0,0,0,0,1,1,3,0,5,0,0,0,0,0,0,0,0,0,0,0,0,0,0,0,0,47,0,0,0,1,2,0,0,0,0,0,0,0
08/06/2014 21:53,78919671,0,0,0,0,0,0,0,0,0,4,0,0,43,0,0,2,5,0,0,0,0,0,8,0,0,2,2,4,3,0,1,2,0,0,0,0,4,0,0
08/06/2014 21:54,16662645,0,0,0,0,0,0,1,0,0,0,0,0,0,0,0,0,0,0,0,4,0,0,0,0,0,0,0,0,0,0,3,6,0,2,0,0,1,0,0
08/06/2014 21:55,82541996,0,0,0,0,0,1,0,0,0,13,0,0,0,0,0,0,1,0,0,0,0,0,0,3,0,2,53,5,0,0,0,1,0,0,0,0,0,0,0
08/06/2014 21:56,39843480,0,0,0,0,0,4,1,0,0,7,0,0,0,0,0,0,3,0,0,4,0,0,0,8,0,0,3,1,1,0,1,4,0,0,0,0,0,0,0
08/06/2014 21:57,112824979,0,0,0,0,0,6,0,0,0,3,0,0,0,0,0,4,38,0,0,0,0,0,0,0,0,0,9,0,0,0,3,5,1,0,1,0,34,0,0
08/06/2014 21:58,47974427,0,0,0,0,0,5,0,3,0,6,3,0,0,0,1,0,0,0,0,0,0,0,0,0,0,4,4,2,8,0,7,2,0,0,3,0,0,0,0
08/06/2014 21:59,75402692,0,0,0,0,0,0,0,0,0,4,0,0,0,0,0,42,0,0,0,0,0,0,0,0,0,0,8,0,0,0,11,0,0,0,2,0,8,0,0
08/06/2014 22:00,68096657,0,0,0,0,0,1,0,4,0,1,0,0,0,0,0,0,2,2,0,0,6,0,0,3,0,13,3,5,0,7,6,7,0,0,2,0,0,0,0
08/06/2014 22:01,184839937,0,0,0,35,0,4,0,7,0,2,78,0,0,0,0,0,12,0,0,0,0,0,0,0,0,7,0,9,5,0,8,0,0,3,1,0,1,0,0
08/06/2014 22:02,28001960,0,0,0,0,0,7,0,0,0,2,0,0,0,0,0,0,0,4,0,0,0,0,0,0,0,0,2,0,0,0,6,2,3,0,0,0,0,0,0
08/06/2014 22:03,25580643,0,0,0,0,0,0,0,3,0,3,3,0,0,0,0,0,7,0,0,0,0,0,0,4,0,1,0,1,0,0,1,0,0,0,0,0,0,0,0
08/06/2014 22:04,30776516,0,0,0,0,0,0,1,4,0,1,0,0,0,0,0,0,2,0,0,2,0,0,0,0,0,5,0,11,0,0,2,1,0,0,0,0,0,0,0
08/06/2014 22:05,14916249,0,0,0,0,0,0,0,0,0,2,0,0,0,0,0,0,0,0,0,0,0,0,0,0,0,0,3,0,0,0,0,2,0,0,4,0,0,0,0
08/06/2014 22:06,30639514,0,0,0,0,0,4,4,0,0,1,0,0,0,0,1,7,2,0,0,0,0,0,0,0,0,0,0,2,4,0,0,0,0,1,0,0,0,0,0
08/06/2014 22:07,39263022,0,0,0,0,0,1,0,2,0,1,0,0,0,0,0,0,0,0,0,0,0,0,7,0,0,8,4,8,0,0,2,0,0,0,3,0,0,0,0
08/06/2014 22:08,92832835,0,0,0,0,0,2,0,5,0,5,1,0,0,0,0,0,31,0,0,0,0,0,0,0,0,0,2,2,0,4,0,0,0,0,0,0,34,0,0
08/06/2014 22:09,21387225,0,0,0,0,0,0,0,4,0,0,0,0,1,0,0,0,4,0,0,0,0,0,0,0,0,0,1,5,0,0,0,5,0,0,0,0,0,0,0
08/06/2014 22:10,39857312,0,0,0,0,0,7,0,0,0,0,1,0,0,0,0,0,4,0,0,0,5,0,0,1,0,0,1,0,0,0,4,10,0,1,0,0,0,0,0
08/06/2014 22:11,43428326,0,0,0,0,0,5,0,5,0,4,0,0,0,0,0,0,0,0,0,0,1,6,0,1,6,0,0,0,3,0,0,0,0,5,4,0,0,0,0
08/06/2014 22:12,60394165,0,0,0,0,0,2,4,0,0,0,0,0,0,0,43,0,0,0,0,3,0,0,0,1,0,0,1,0,0,0,0,0,0,0,4,0,1,0,0
08/06/2014 22:13,25305131,0,0,0,0,0,4,0,0,0,0,0,0,0,0,1,0,1,0,0,0,0,0,0,0,0,0,0,4,3,0,3,4,0,1,0,0,0,0,0
08/06/2014 22:14,101502791,0,0,0,0,0,8,1,45,0,0,0,0,0,0,0,0,6,0,0,0,0,0,0,0,0,0,4,2,0,0,0,15,6,0,0,0,0,0,0
08/06/2014 22:15,21045822,0,0,0,0,0,0,3,0,0,4,0,0,0,0,0,7,0,0,0,1,0,0,0,0,0,0,4,0,0,0,0,3,0,0,0,0,0,0,0
08/06/2014 22:16,14420826,0,0,0,0,0,8,0,0,0,2,0,0,0,0,0,0,0,0,0,0,0,0,0,0,0,0,0,0,0,0,1,2,0,0,0,0,0,0,0
08/06/2014 22:17,58991419,0,0,0,0,0,0,0,0,0,5,0,0,0,0,0,0,3,0,0,0,0,0,0,2,0,0,4,0,0,0,0,0,0,42,0,0,0,0,0
08/06/2014 22:18,20260699,0,0,0,0,0,0,0,0,0,0,0,0,0,0,0,0,0,0,0,0,0,0,0,3,0,0,4,1,0,0,0,5,0,0,0,0,0,0,0
08/06/2014 22:19,20726482,0,0,0,0,0,0,0,1,0,0,0,0,0,0,0,0,0,7,0,0,0,0,0,0,0,1,3,0,0,0,2,6,0,0,0,0,0,0,0
08/06/2014 22:20,13394625,0,0,0,0,0,0,0,0,0,0,0,0,0,0,0,0,0,0,0,0,0,0,3,0,0,6,0,4,0,0,0,0,0,0,0,0,0,0,0
08/06/2014 22:21,30144744,0,0,0,0,0,2,3,0,0,1,0,0,0,0,0,0,0,0,0,0,3,0,0,0,0,1,0,0,1,0,4,14,0,0,1,0,0,0,0
08/06/2014 22:22,11442763,0,0,0,0,0,6,0,0,0,1,0,0,0,0,0,0,0,0,0,0,0,0,0,0,0,1,0,1,0,0,0,1,0,0,0,0,0,0,0
08/06/2014 22:23,108945479,0,0,0,0,0,8,0,0,0,0,0,0,0,0,5,0,47,0,0,0,0,0,0,0,0,0,0,0,0,0,0,39,0,0,0,0,0,0,0
08/06/2014 22:24,46790925,0,0,0,0,0,43,0,0,0,0,0,0,0,0,0,0,0,0,0,0,0,0,0,0,0,1,0,1,0,0,0,0,0,0,0,0,0,0,0
08/06/2014 22:25,8586032,0,0,0,0,0,1,0,4,0,0,0,0,0,0,0,0,0,0,0,0,0,0,0,0,0,0,3,0,0,0,1,0,0,0,0,0,0,0,0
08/06/2014 22:26,11987808,0,0,0,0,0,6,0,4,0,0,0,0,0,0,0,0,0,0,0,0,0,0,0,0,0,0,0,2,0,0,0,0,0,0,0,0,0,0,0
08/06/2014 22:27,6436926,0,0,0,0,0,0,0,0,0,0,0,0,0,0,0,0,0,0,0,0,0,0,0,0,0,2,0,0,0,0,0,2,0,0,3,0,0,0,0
08/06/2014 22:28,57368830,0,0,0,0,0,0,0,0,0,0,0,0,5,0,0,0,0,0,0,1,0,0,44,0,0,0,0,1,0,0,0,0,0,0,0,0,0,0,0
08/06/2014 22:29,3404801,0,0,0,0,0,0,0,1,0,0,0,0,0,0,0,0,0,0,0,0,0,0,0,0,0,0,0,3,0,0,0,0,0,0,0,0,0,0,0
08/06/2014 22:30,13136468,0,0,0,0,0,0,0,0,0,0,0,0,0,0,0,0,0,0,0,0,0,0,0,0,0,0,1,0,0,0,7,6,0,0,0,0,0,0,0
08/06/2014 22:31,9259896,0,0,0,0,0,0,4,0,0,1,0,0,0,0,0,0,1,0,0,0,0,0,0,0,0,2,1,0,0,0,0,0,0,0,0,0,0,0,0
08/06/2014 22:32,21384267,0,0,0,0,0,0,0,0,0,4,0,0,0,0,0,0,14,0,0,0,0,0,0,0,0,0,0,0,0,0,0,0,0,0,0,0,0,0,0
08/06/2014 22:33,114090817,0,0,0,0,0,85,0,0,0,0,7,0,0,0,0,0,0,0,0,0,0,0,0,0,0,0,12,5,0,0,0,0,0,0,0,0,0,0,0
08/06/2014 22:35,1250941,0,0,0,0,0,0,0,0,0,0,0,0,0,0,0,0,0,0,0,0,0,0,0,0,0,0,0,0,0,0,1,0,0,0,0,0,0,0,0
08/06/2014 22:36,41433615,0,0,0,0,0,34,0,0,0,3,0,0,0,0,0,0,0,0,0,0,0,0,0,0,0,0,0,0,0,0,0,0,0,0,0,0,0,0,0
08/06/2014 22:37,42101570,0,0,0,0,0,0,0,0,0,0,0,0,0,0,0,0,0,0,0,0,0,0,0,0,0,34,0,0,0,0,0,0,0,0,0,0,0,0,0
08/06/2014 22:41,36315105,0,0,0,0,0,0,0,0,0,0,0,0,0,0,0,0,0,0,0,0,0,0,0,0,0,0,0,0,0,0,0,36,0,0,0,0,0,0,0
08/06/2014 22:43,5589583,0,0,0,0,0,0,0,0,0,0,0,0,0,0,0,0,0,0,0,0,0,0,0,0,2,0,0,0,0,0,0,0,0,0,4,0,0,0,0
08/06/2014 22:47,1486031,0,0,0,0,0,0,0,0,3,0,0,0,0,0,0,0,0,0,0,0,0,0,0,0,0,0,0,0,0,0,0,0,0,0,0,0,0,0,0
08/06/2014 22:49,1887023,0,0,0,0,0,0,0,0,0,0,0,0,0,0,0,0,0,0,0,0,0,0,0,0,0,0,0,0,0,2,0,0,0,0,0,0,0,0,0
08/06/2014 22:50,40214547,0,0,0,0,0,0,0,0,0,0,0,0,0,0,0,0,0,0,0,0,0,0,0,0,0,0,0,0,0,32,0,0,0,0,0,0,0,0,0
08/06/2014 22:52,42571126,0,0,0,0,0,0,0,0,0,0,0,0,0,0,0,0,0,0,0,0,0,0,0,0,0,0,0,0,0,0,0,0,0,0,0,0,39,0,0
08/06/2014 22:56,5383758,0,0,0,0,0,0,0,0,0,0,0,0,0,0,0,0,0,0,0,0,0,0,0,0,0,0,0,0,0,0,0,0,0,0,5,0,0,0,0
08/06/2014 23:04,1486031,0,0,0,0,0,0,0,0,0,0,0,0,0,0,0,0,0,0,0,0,0,0,0,0,0,0,0,0,0,0,3,0,0,0,0,0,0,0,0